rep,alp,num_cell,cell_size,sparse_freq,error
0,0.01,32,50,2,75.62373255148354
0,0.01,32,50,4,87.36872347880374
0,0.01,32,50,6,91.60882386014629
0,0.01,32,50,8,89.41048568830888
0,0.01,32,100,2,76.69377778340103
0,0.01,32,100,4,87.47467947675229
0,0.01,32,100,6,90.25704121266304
0,0.01,32,100,8,90.29762733781068
0,0.01,32,200,2,75.55178668713701
0,0.01,32,200,4,87.74654381621349
0,0.01,32,200,6,88.89697193614236
0,0.01,32,200,8,89.49765429273198
0,0.01,56,50,2,68.14603495492695
0,0.01,56,50,4,79.34743589454123
0,0.01,56,50,6,80.5880651994698
0,0.01,56,50,8,79.91414985499063
0,0.01,56,100,2,67.41765259287833
0,0.01,56,100,4,80.07802572402383
0,0.01,56,100,6,80.02953287030488
0,0.01,56,100,8,81.2742585574605
0,0.01,56,200,2,68.18431384564965
0,0.01,56,200,4,78.6620320986197
0,0.01,56,200,6,80.50659164546938
0,0.01,56,200,8,79.33246014485809
0,0.01,80,50,2,58.97722425353584
0,0.01,80,50,4,65.94463653272237
0,0.01,80,50,6,66.18517160327553
0,0.01,80,50,8,62.858131891371436
0,0.01,80,100,2,58.8817942074366
0,0.01,80,100,4,66.14323906404233
0,0.01,80,100,6,65.3326167177616
0,0.01,80,100,8,65.11719921640567
0,0.01,80,200,2,58.88809871543319
0,0.01,80,200,4,66.6741098476816
0,0.01,80,200,6,63.227877732472486
0,0.01,80,200,8,64.05070823260002
0,0.01,104,50,2,48.92257470623813
0,0.01,104,50,4,48.17377396168149
0,0.01,104,50,6,44.85851858630979
0,0.01,104,50,8,43.86910301639288
0,0.01,104,100,2,48.34882318747046
0,0.01,104,100,4,50.94132020818878
0,0.01,104,100,6,45.633777223540726
0,0.01,104,100,8,44.17899625930558
0,0.01,104,200,2,47.764363949507135
0,0.01,104,200,4,50.499795478935425
0,0.01,104,200,6,45.42387259243696
0,0.01,104,200,8,43.323432236276034
0,0.01,128,50,2,36.43447439414272
0,0.01,128,50,4,33.47773355685841
0,0.01,128,50,6,26.85931115977815
0,0.01,128,50,8,25.688736711789783
0,0.01,128,100,2,35.45516301530905
0,0.01,128,100,4,30.4095924477079
0,0.01,128,100,6,27.38777106606679
0,0.01,128,100,8,21.92425006553883
0,0.01,128,200,2,37.49745581579463
0,0.01,128,200,4,31.118064935042373
0,0.01,128,200,6,24.98911078768079
0,0.01,128,200,8,22.427337044997824
0,0.1,32,50,2,35.75937817683627
0,0.1,32,50,4,39.704413851341066
0,0.1,32,50,6,39.23591331829678
0,0.1,32,50,8,38.90655144877256
0,0.1,32,100,2,34.99168727795717
0,0.1,32,100,4,40.77767322976145
0,0.1,32,100,6,39.91444230435612
0,0.1,32,100,8,38.085090134804354
0,0.1,32,200,2,36.15903857134551
0,0.1,32,200,4,39.86099102313789
0,0.1,32,200,6,39.61386086608177
0,0.1,32,200,8,38.80185375307851
0,0.1,56,50,2,20.63783234872197
0,0.1,56,50,4,18.140927597268984
0,0.1,56,50,6,18.899375384469607
0,0.1,56,50,8,16.887199343836347
0,0.1,56,100,2,21.068352585141902
0,0.1,56,100,4,18.568616482290928
0,0.1,56,100,6,19.587280665607746
0,0.1,56,100,8,18.0766004811423
0,0.1,56,200,2,20.20720067995734
0,0.1,56,200,4,20.845932876234365
0,0.1,56,200,6,17.457030594442255
0,0.1,56,200,8,17.152633313571528
0,0.1,80,50,2,11.077995697687308
0,0.1,80,50,4,10.800869369837185
0,0.1,80,50,6,11.086327877255027
0,0.1,80,50,8,11.522803213475633
0,0.1,80,100,2,11.036878668122762
0,0.1,80,100,4,10.398444470203337
0,0.1,80,100,6,11.118175342069927
0,0.1,80,100,8,11.514786709173716
0,0.1,80,200,2,10.368697308756547
0,0.1,80,200,4,10.40404791916339
0,0.1,80,200,6,11.207986327593876
0,0.1,80,200,8,11.587406695503613
0,0.1,104,50,2,7.987801311224363
0,0.1,104,50,4,9.186010123139527
0,0.1,104,50,6,10.06431288411413
0,0.1,104,50,8,10.629962794327602
0,0.1,104,100,2,7.920788812754685
0,0.1,104,100,4,9.167967085641093
0,0.1,104,100,6,9.965501214039437
0,0.1,104,100,8,10.523022978391701
0,0.1,104,200,2,7.965137335963625
0,0.1,104,200,4,9.227239495100969
0,0.1,104,200,6,10.02542011398595
0,0.1,104,200,8,10.53094011071559
0,0.1,128,50,2,6.866196423079702
0,0.1,128,50,4,8.57393422968994
0,0.1,128,50,6,9.460527028409857
0,0.1,128,50,8,10.045438910048073
0,0.1,128,100,2,6.854408360387296
0,0.1,128,100,4,8.547424187180352
0,0.1,128,100,6,9.443061049126976
0,0.1,128,100,8,9.967209652129913
0,0.1,128,200,2,6.836638914907824
0,0.1,128,200,4,8.519568190041992
0,0.1,128,200,6,9.416261332292523
0,0.1,128,200,8,9.937515546678583
0,1.0,32,50,2,18.166577656845746
0,1.0,32,50,4,16.94094453252394
0,1.0,32,50,6,17.320395421718793
0,1.0,32,50,8,17.52743777136583
0,1.0,32,100,2,17.817749427793366
0,1.0,32,100,4,16.906803594469963
0,1.0,32,100,6,17.311456421615716
0,1.0,32,100,8,17.672788507003677
0,1.0,32,200,2,18.118699024309006
0,1.0,32,200,4,16.793603651277216
0,1.0,32,200,6,17.384374929781593
0,1.0,32,200,8,17.863416426410147
0,1.0,56,50,2,12.08808628305458
0,1.0,56,50,4,13.106301348598818
0,1.0,56,50,6,14.185517697761885
0,1.0,56,50,8,14.787020889479011
0,1.0,56,100,2,12.152161055159977
0,1.0,56,100,4,13.26867180692082
0,1.0,56,100,6,14.112133546435205
0,1.0,56,100,8,14.6190455125914
0,1.0,56,200,2,12.09259989787304
0,1.0,56,200,4,13.173567367925274
0,1.0,56,200,6,14.167398740515278
0,1.0,56,200,8,14.668606427550205
0,1.0,80,50,2,10.01312786519654
0,1.0,80,50,4,11.990585448771752
0,1.0,80,50,6,13.012899454601813
0,1.0,80,50,8,13.808895969995438
0,1.0,80,100,2,9.949950090599446
0,1.0,80,100,4,11.979988260151964
0,1.0,80,100,6,13.062122102226597
0,1.0,80,100,8,13.7066123987551
0,1.0,80,200,2,9.967031300826749
0,1.0,80,200,4,11.919252039593324
0,1.0,80,200,6,13.132713739589986
0,1.0,80,200,8,13.771879232434964
0,1.0,104,50,2,9.187994703611011
0,1.0,104,50,4,11.385445462417602
0,1.0,104,50,6,12.590654546495177
0,1.0,104,50,8,13.273896171813238
0,1.0,104,100,2,9.202838161383116
0,1.0,104,100,4,11.365869231978586
0,1.0,104,100,6,12.589549990028079
0,1.0,104,100,8,13.292303964928161
0,1.0,104,200,2,9.195360415324927
0,1.0,104,200,4,11.381889688110427
0,1.0,104,200,6,12.514114041031174
0,1.0,104,200,8,13.274181684139513
0,1.0,128,50,2,8.822511221537232
0,1.0,128,50,4,11.121952282346871
0,1.0,128,50,6,12.328800158753982
0,1.0,128,50,8,13.024309317934234
0,1.0,128,100,2,8.81674762921817
0,1.0,128,100,4,11.154720596924827
0,1.0,128,100,6,12.232850351249477
0,1.0,128,100,8,13.028013563880501
0,1.0,128,200,2,8.794847054770019
0,1.0,128,200,4,11.086867741703312
0,1.0,128,200,6,12.234252773176168
0,1.0,128,200,8,13.002047744276037
0,10.0,32,50,2,17.47910816545059
0,10.0,32,50,4,17.63359866504517
0,10.0,32,50,6,18.84465234724756
0,10.0,32,50,8,19.31294719091881
0,10.0,32,100,2,17.592773085146057
0,10.0,32,100,4,17.641011641854526
0,10.0,32,100,6,18.568126198309763
0,10.0,32,100,8,19.413874260279563
0,10.0,32,200,2,17.75026337334176
0,10.0,32,200,4,17.64773143421471
0,10.0,32,200,6,18.96074385636465
0,10.0,32,200,8,19.466842729390663
0,10.0,56,50,2,13.666311228402225
0,10.0,56,50,4,15.942948431055436
0,10.0,56,50,6,17.346134935967633
0,10.0,56,50,8,18.176053459773897
0,10.0,56,100,2,13.76070569890175
0,10.0,56,100,4,16.038493700528264
0,10.0,56,100,6,17.411595070047454
0,10.0,56,100,8,18.04231184700752
0,10.0,56,200,2,13.812105751452478
0,10.0,56,200,4,16.122992930330714
0,10.0,56,200,6,17.26220205216998
0,10.0,56,200,8,18.162093937345574
0,10.0,80,50,2,12.793383372336352
0,10.0,80,50,4,15.440029786432026
0,10.0,80,50,6,16.906906820290352
0,10.0,80,50,8,17.690259199297508
0,10.0,80,100,2,12.784524288345533
0,10.0,80,100,4,15.415903158440951
0,10.0,80,100,6,16.931514005971934
0,10.0,80,100,8,17.586338684305264
0,10.0,80,200,2,12.756771159611713
0,10.0,80,200,4,15.381291164574069
0,10.0,80,200,6,16.89701018211454
0,10.0,80,200,8,17.715549294280876
0,10.0,104,50,2,12.293720621171842
0,10.0,104,50,4,15.196860862629658
0,10.0,104,50,6,16.607531900141243
0,10.0,104,50,8,17.443605181408273
0,10.0,104,100,2,12.375728084839405
0,10.0,104,100,4,15.125450442834184
0,10.0,104,100,6,16.58483796825732
0,10.0,104,100,8,17.46344120926998
0,10.0,104,200,2,12.336993799772495
0,10.0,104,200,4,15.215526952327735
0,10.0,104,200,6,16.58680778157185
0,10.0,104,200,8,17.365621327126433
0,10.0,128,50,2,12.099765277193752
0,10.0,128,50,4,15.045641063193067
0,10.0,128,50,6,16.441714250612048
0,10.0,128,50,8,17.34775344419406
0,10.0,128,100,2,12.13192661291126
0,10.0,128,100,4,15.017865286750848
0,10.0,128,100,6,16.377823214997736
0,10.0,128,100,8,17.241149400953976
0,10.0,128,200,2,12.119122211156437
0,10.0,128,200,4,15.083000446390642
0,10.0,128,200,6,16.372029508271922
0,10.0,128,200,8,17.299918330005305
1,0.01,32,50,2,76.7828437537297
1,0.01,32,50,4,87.14422121744768
1,0.01,32,50,6,90.91019982667311
1,0.01,32,50,8,90.37362273078269
1,0.01,32,100,2,75.80389853645521
1,0.01,32,100,4,87.2907102643214
1,0.01,32,100,6,88.80259759987102
1,0.01,32,100,8,89.28605694993885
1,0.01,32,200,2,75.85734226948757
1,0.01,32,200,4,88.22173275906546
1,0.01,32,200,6,88.97762353753309
1,0.01,32,200,8,89.94733441460195
1,0.01,56,50,2,68.28197191498377
1,0.01,56,50,4,80.7684982889798
1,0.01,56,50,6,80.99725626784343
1,0.01,56,50,8,80.59485084991788
1,0.01,56,100,2,68.29409706891224
1,0.01,56,100,4,78.47263804487785
1,0.01,56,100,6,80.41843131967167
1,0.01,56,100,8,81.04557850736376
1,0.01,56,200,2,67.61481366676361
1,0.01,56,200,4,79.99705557173017
1,0.01,56,200,6,80.54075055523136
1,0.01,56,200,8,79.96431632532087
1,0.01,80,50,2,58.76111202260226
1,0.01,80,50,4,65.97756183560806
1,0.01,80,50,6,66.59859580315234
1,0.01,80,50,8,64.48925449256895
1,0.01,80,100,2,58.581461732287
1,0.01,80,100,4,66.28448702881096
1,0.01,80,100,6,65.3814103902285
1,0.01,80,100,8,63.109740816979496
1,0.01,80,200,2,58.992318768684235
1,0.01,80,200,4,66.30897258037955
1,0.01,80,200,6,65.67777265105792
1,0.01,80,200,8,64.73809755133874
1,0.01,104,50,2,47.52745555652276
1,0.01,104,50,4,50.77698378263293
1,0.01,104,50,6,45.127177304815376
1,0.01,104,50,8,43.54679729891368
1,0.01,104,100,2,47.96502464316865
1,0.01,104,100,4,51.33033013331844
1,0.01,104,100,6,47.51602601192895
1,0.01,104,100,8,42.29646869826442
1,0.01,104,200,2,48.6716918745928
1,0.01,104,200,4,49.27319428780203
1,0.01,104,200,6,46.40086359174068
1,0.01,104,200,8,41.79748945408452
1,0.01,128,50,2,36.17622075845206
1,0.01,128,50,4,31.847922938004732
1,0.01,128,50,6,23.348545547048484
1,0.01,128,50,8,21.688455082423566
1,0.01,128,100,2,37.35830039820573
1,0.01,128,100,4,30.26410869370539
1,0.01,128,100,6,25.829492328541715
1,0.01,128,100,8,21.225820720068246
1,0.01,128,200,2,34.47776099774997
1,0.01,128,200,4,28.922139913127815
1,0.01,128,200,6,25.977774877723
1,0.01,128,200,8,24.181717528878803
1,0.1,32,50,2,35.413399549397454
1,0.1,32,50,4,39.48097432342079
1,0.1,32,50,6,39.721026675736375
1,0.1,32,50,8,39.15288878168726
1,0.1,32,100,2,34.83107444216521
1,0.1,32,100,4,40.79449350746992
1,0.1,32,100,6,38.535105813211416
1,0.1,32,100,8,37.823909885508925
1,0.1,32,200,2,35.7632195100002
1,0.1,32,200,4,39.83575158114158
1,0.1,32,200,6,40.25150154108857
1,0.1,32,200,8,39.33973737620287
1,0.1,56,50,2,20.539651623587957
1,0.1,56,50,4,18.48236098809056
1,0.1,56,50,6,16.281108365019435
1,0.1,56,50,8,19.781283265578516
1,0.1,56,100,2,20.901332852879396
1,0.1,56,100,4,20.200612253409492
1,0.1,56,100,6,19.11139149916038
1,0.1,56,100,8,15.958107225428137
1,0.1,56,200,2,20.23340557824968
1,0.1,56,200,4,19.687816023939284
1,0.1,56,200,6,17.314026913289165
1,0.1,56,200,8,17.42734376751132
1,0.1,80,50,2,10.864974914886966
1,0.1,80,50,4,10.421818814562286
1,0.1,80,50,6,11.523109271013988
1,0.1,80,50,8,11.554816089917924
1,0.1,80,100,2,10.830350396712756
1,0.1,80,100,4,10.407158889256964
1,0.1,80,100,6,11.137239902254995
1,0.1,80,100,8,11.701309124341117
1,0.1,80,200,2,10.570483559452901
1,0.1,80,200,4,10.627760764085847
1,0.1,80,200,6,11.08752301029884
1,0.1,80,200,8,13.253528197203652
1,0.1,104,50,2,7.925263351733868
1,0.1,104,50,4,9.210188067542484
1,0.1,104,50,6,10.098793871784636
1,0.1,104,50,8,10.562341632445811
1,0.1,104,100,2,7.89655104086996
1,0.1,104,100,4,9.178539032213632
1,0.1,104,100,6,10.05233194047064
1,0.1,104,100,8,10.505124794220137
1,0.1,104,200,2,7.967186149781092
1,0.1,104,200,4,9.20323981584258
1,0.1,104,200,6,9.966440919937051
1,0.1,104,200,8,10.481398499630506
1,0.1,128,50,2,6.866253091647197
1,0.1,128,50,4,8.543212105730262
1,0.1,128,50,6,9.51933028518126
1,0.1,128,50,8,9.957015733792835
1,0.1,128,100,2,6.855312386927621
1,0.1,128,100,4,8.562982475999664
1,0.1,128,100,6,9.445518674406634
1,0.1,128,100,8,9.945383076143925
1,0.1,128,200,2,6.888582441562213
1,0.1,128,200,4,8.52383133828877
1,0.1,128,200,6,9.480306390567407
1,0.1,128,200,8,9.937871962009813
1,1.0,32,50,2,18.11458440966728
1,1.0,32,50,4,16.90272324420146
1,1.0,32,50,6,17.548308262159335
1,1.0,32,50,8,17.63225335826338
1,1.0,32,100,2,18.169754022624407
1,1.0,32,100,4,16.920658987212153
1,1.0,32,100,6,17.402352299029886
1,1.0,32,100,8,17.94701800215506
1,1.0,32,200,2,18.08755940689212
1,1.0,32,200,4,16.871672125563013
1,1.0,32,200,6,17.67537054944135
1,1.0,32,200,8,17.6142886464445
1,1.0,56,50,2,11.966510453616937
1,1.0,56,50,4,13.0536981889222
1,1.0,56,50,6,14.10495084595119
1,1.0,56,50,8,14.754944441356914
1,1.0,56,100,2,11.968952067688834
1,1.0,56,100,4,13.204581529081272
1,1.0,56,100,6,13.955556488914485
1,1.0,56,100,8,14.871792487524568
1,1.0,56,200,2,12.043151834279747
1,1.0,56,200,4,13.180466208888157
1,1.0,56,200,6,14.205442132564569
1,1.0,56,200,8,14.703282743574647
1,1.0,80,50,2,9.973302298036861
1,1.0,80,50,4,11.962572221528003
1,1.0,80,50,6,13.045351736722719
1,1.0,80,50,8,13.89274314976498
1,1.0,80,100,2,10.094431000875945
1,1.0,80,100,4,11.876950555521018
1,1.0,80,100,6,13.026885328562825
1,1.0,80,100,8,13.803008948424015
1,1.0,80,200,2,9.976075927531086
1,1.0,80,200,4,11.932941145463825
1,1.0,80,200,6,13.080702660961764
1,1.0,80,200,8,13.801801309643214
1,1.0,104,50,2,9.174701313697174
1,1.0,104,50,4,11.41588764363677
1,1.0,104,50,6,12.544869268533635
1,1.0,104,50,8,13.264681042266949
1,1.0,104,100,2,9.207346338278883
1,1.0,104,100,4,11.373146492994938
1,1.0,104,100,6,12.574469789888804
1,1.0,104,100,8,13.275179563985366
1,1.0,104,200,2,9.237071926331243
1,1.0,104,200,4,11.457409649234041
1,1.0,104,200,6,12.504758920767081
1,1.0,104,200,8,13.208297745489238
1,1.0,128,50,2,8.796662729524302
1,1.0,128,50,4,11.113052982607357
1,1.0,128,50,6,12.298683896248166
1,1.0,128,50,8,13.003714250938781
1,1.0,128,100,2,8.80384044075923
1,1.0,128,100,4,11.097554330918392
1,1.0,128,100,6,12.320003333896334
1,1.0,128,100,8,13.026433479957731
1,1.0,128,200,2,8.789922700960867
1,1.0,128,200,4,11.04871436187455
1,1.0,128,200,6,12.23744321036483
1,1.0,128,200,8,12.947925292442111
1,10.0,32,50,2,17.591986613554326
1,10.0,32,50,4,17.727520422105346
1,10.0,32,50,6,18.840317952901067
1,10.0,32,50,8,19.426567609417056
1,10.0,32,100,2,17.63235093080114
1,10.0,32,100,4,17.695311314328052
1,10.0,32,100,6,18.66640902523077
1,10.0,32,100,8,19.371249420408226
1,10.0,32,200,2,17.6544532064173
1,10.0,32,200,4,17.839144618478603
1,10.0,32,200,6,18.680190580159614
1,10.0,32,200,8,19.34542134449001
1,10.0,56,50,2,13.81077806605388
1,10.0,56,50,4,16.03083976235581
1,10.0,56,50,6,17.295276102738885
1,10.0,56,50,8,18.114131536510975
1,10.0,56,100,2,13.81185469695065
1,10.0,56,100,4,16.072068626131973
1,10.0,56,100,6,17.419904137226084
1,10.0,56,100,8,18.142966685270142
1,10.0,56,200,2,13.809339895417448
1,10.0,56,200,4,15.95162792448351
1,10.0,56,200,6,17.40744841745895
1,10.0,56,200,8,18.078318918782223
1,10.0,80,50,2,12.688632256859078
1,10.0,80,50,4,15.435763118502988
1,10.0,80,50,6,16.970628497433452
1,10.0,80,50,8,17.71179181004323
1,10.0,80,100,2,12.830319401607492
1,10.0,80,100,4,15.416889347152168
1,10.0,80,100,6,16.743369313091968
1,10.0,80,100,8,17.653660731223276
1,10.0,80,200,2,12.704076452154926
1,10.0,80,200,4,15.445504896927005
1,10.0,80,200,6,16.818951131297766
1,10.0,80,200,8,17.666149827606617
1,10.0,104,50,2,12.360814759396456
1,10.0,104,50,4,15.206129790621562
1,10.0,104,50,6,16.5725104256006
1,10.0,104,50,8,17.48850461243332
1,10.0,104,100,2,12.28059940701814
1,10.0,104,100,4,15.133888218211418
1,10.0,104,100,6,16.659059555968536
1,10.0,104,100,8,17.406298871887742
1,10.0,104,200,2,12.331142815241531
1,10.0,104,200,4,15.145249864060487
1,10.0,104,200,6,16.558776321718494
1,10.0,104,200,8,17.444723731772907
1,10.0,128,50,2,12.138321470203929
1,10.0,128,50,4,15.019977744501238
1,10.0,128,50,6,16.447518200322843
1,10.0,128,50,8,17.26661070344514
1,10.0,128,100,2,12.11552625394011
1,10.0,128,100,4,15.078584179779586
1,10.0,128,100,6,16.4789251349199
1,10.0,128,100,8,17.327686025633362
1,10.0,128,200,2,12.10817802173818
1,10.0,128,200,4,15.015402959954312
1,10.0,128,200,6,16.39973840737474
1,10.0,128,200,8,17.246552606615158
2,0.01,32,50,2,75.6822762990172
2,0.01,32,50,4,87.64546367354826
2,0.01,32,50,6,89.32676071451677
2,0.01,32,50,8,89.49795544809069
2,0.01,32,100,2,76.52551970830369
2,0.01,32,100,4,88.04375908659921
2,0.01,32,100,6,90.0689005857303
2,0.01,32,100,8,89.64124394562687
2,0.01,32,200,2,74.87718803762353
2,0.01,32,200,4,87.88241667399359
2,0.01,32,200,6,89.02567688090893
2,0.01,32,200,8,90.11685027417805
2,0.01,56,50,2,68.30133808662777
2,0.01,56,50,4,78.31069851665703
2,0.01,56,50,6,80.70964470938397
2,0.01,56,50,8,78.56842154656569
2,0.01,56,100,2,67.84486596987615
2,0.01,56,100,4,79.94062478144637
2,0.01,56,100,6,81.01831544622574
2,0.01,56,100,8,80.72455573977193
2,0.01,56,200,2,66.91465641611062
2,0.01,56,200,4,78.76583940370479
2,0.01,56,200,6,80.27883039119511
2,0.01,56,200,8,80.49124597848328
2,0.01,80,50,2,59.039172794470716
2,0.01,80,50,4,66.48285961822309
2,0.01,80,50,6,64.7132240931332
2,0.01,80,50,8,63.92288897224613
2,0.01,80,100,2,58.57133764067181
2,0.01,80,100,4,66.0576386336712
2,0.01,80,100,6,65.35490870234385
2,0.01,80,100,8,62.72913083476962
2,0.01,80,200,2,59.46222218353763
2,0.01,80,200,4,67.03215664337135
2,0.01,80,200,6,65.23451622131046
2,0.01,80,200,8,63.982702808630314
2,0.01,104,50,2,48.943317325780555
2,0.01,104,50,4,50.775842485524024
2,0.01,104,50,6,45.79317846512959
2,0.01,104,50,8,41.735046724078735
2,0.01,104,100,2,48.04331966488793
2,0.01,104,100,4,50.560714595851145
2,0.01,104,100,6,44.2503237523881
2,0.01,104,100,8,41.746746324771635
2,0.01,104,200,2,47.02757245763962
2,0.01,104,200,4,50.53632996832556
2,0.01,104,200,6,46.070651612853915
2,0.01,104,200,8,42.060905800433375
2,0.01,128,50,2,35.78923671824069
2,0.01,128,50,4,33.07527672384445
2,0.01,128,50,6,24.661971092063016
2,0.01,128,50,8,24.6609206423339
2,0.01,128,100,2,34.98768720668741
2,0.01,128,100,4,30.941506852664375
2,0.01,128,100,6,27.187385436068787
2,0.01,128,100,8,22.808272212983447
2,0.01,128,200,2,36.555870250621496
2,0.01,128,200,4,33.655362286633185
2,0.01,128,200,6,25.799057311940963
2,0.01,128,200,8,22.41507707748078
2,0.1,32,50,2,35.03180502895085
2,0.1,32,50,4,40.504173157995595
2,0.1,32,50,6,39.73259814838866
2,0.1,32,50,8,39.588222295437056
2,0.1,32,100,2,35.262858865852984
2,0.1,32,100,4,40.54662958853658
2,0.1,32,100,6,39.34429131363492
2,0.1,32,100,8,39.29487042329128
2,0.1,32,200,2,35.658618524036015
2,0.1,32,200,4,40.5168599956696
2,0.1,32,200,6,37.583494238216495
2,0.1,32,200,8,38.57083460234412
2,0.1,56,50,2,19.337331270789914
2,0.1,56,50,4,18.37775582129384
2,0.1,56,50,6,15.828950067765163
2,0.1,56,50,8,16.928554636077187
2,0.1,56,100,2,21.015221120363996
2,0.1,56,100,4,20.617984757759217
2,0.1,56,100,6,16.646834755933558
2,0.1,56,100,8,19.587554779657765
2,0.1,56,200,2,19.909659436549752
2,0.1,56,200,4,18.469456796305245
2,0.1,56,200,6,17.751066686251725
2,0.1,56,200,8,16.64639832544784
2,0.1,80,50,2,11.623682583228703
2,0.1,80,50,4,10.746783640329815
2,0.1,80,50,6,11.146873316271424
2,0.1,80,50,8,11.626583032598873
2,0.1,80,100,2,10.731490768015593
2,0.1,80,100,4,10.581950500337902
2,0.1,80,100,6,11.08605432213597
2,0.1,80,100,8,11.552410445585435
2,0.1,80,200,2,10.76720417991833
2,0.1,80,200,4,10.471842477008583
2,0.1,80,200,6,11.01950632529971
2,0.1,80,200,8,11.634206428300496
2,0.1,104,50,2,7.9068501964623605
2,0.1,104,50,4,9.211834502283512
2,0.1,104,50,6,10.053884099179596
2,0.1,104,50,8,10.53512565316979
2,0.1,104,100,2,7.898214365357072
2,0.1,104,100,4,9.228159922047027
2,0.1,104,100,6,9.977132782435524
2,0.1,104,100,8,10.528229866173621
2,0.1,104,200,2,8.003452748026477
2,0.1,104,200,4,9.202180305530222
2,0.1,104,200,6,9.975995626453216
2,0.1,104,200,8,10.520771733975506
2,0.1,128,50,2,6.870118228611329
2,0.1,128,50,4,8.537259734362816
2,0.1,128,50,6,9.433198264225528
2,0.1,128,50,8,10.040255203347167
2,0.1,128,100,2,6.878254068317069
2,0.1,128,100,4,8.558271268813328
2,0.1,128,100,6,9.45854659547282
2,0.1,128,100,8,9.999754521217966
2,0.1,128,200,2,6.904125870849064
2,0.1,128,200,4,8.536385915067735
2,0.1,128,200,6,9.421274346331174
2,0.1,128,200,8,9.972513761895803
2,1.0,32,50,2,17.682341669280675
2,1.0,32,50,4,16.913788248353953
2,1.0,32,50,6,17.294912390595933
2,1.0,32,50,8,17.567955283012527
2,1.0,32,100,2,17.94948972013909
2,1.0,32,100,4,16.883497345188303
2,1.0,32,100,6,17.260901061194225
2,1.0,32,100,8,17.71534096084201
2,1.0,32,200,2,18.109191630293317
2,1.0,32,200,4,16.93980341377271
2,1.0,32,200,6,17.35038748536568
2,1.0,32,200,8,18.00116980248263
2,1.0,56,50,2,11.912349550271824
2,1.0,56,50,4,13.159083262923623
2,1.0,56,50,6,14.157054886662156
2,1.0,56,50,8,14.872085670474783
2,1.0,56,100,2,12.022907485830613
2,1.0,56,100,4,13.120243482191267
2,1.0,56,100,6,14.16711453496534
2,1.0,56,100,8,14.74773027446227
2,1.0,56,200,2,12.029877026976614
2,1.0,56,200,4,13.038893838549303
2,1.0,56,200,6,14.121941564495492
2,1.0,56,200,8,14.824273689580343
2,1.0,80,50,2,9.993444773752689
2,1.0,80,50,4,11.9494988819219
2,1.0,80,50,6,13.011826784160107
2,1.0,80,50,8,13.787174396007607
2,1.0,80,100,2,10.044112755729332
2,1.0,80,100,4,11.956467982536969
2,1.0,80,100,6,13.07944364291925
2,1.0,80,100,8,13.784771596893277
2,1.0,80,200,2,10.060221159307082
2,1.0,80,200,4,11.9441838751077
2,1.0,80,200,6,12.981584416628984
2,1.0,80,200,8,13.67990180108591
2,1.0,104,50,2,9.216314478992325
2,1.0,104,50,4,11.365964885388257
2,1.0,104,50,6,12.576907574041266
2,1.0,104,50,8,13.32508276936946
2,1.0,104,100,2,9.213640872700841
2,1.0,104,100,4,11.396000183855286
2,1.0,104,100,6,12.584493486762167
2,1.0,104,100,8,13.288847780819708
2,1.0,104,200,2,9.198069195690525
2,1.0,104,200,4,11.367425261957152
2,1.0,104,200,6,12.536324783879607
2,1.0,104,200,8,13.328249359445104
2,1.0,128,50,2,8.795868024903706
2,1.0,128,50,4,11.149714588566567
2,1.0,128,50,6,12.289060016687607
2,1.0,128,50,8,13.01016923329608
2,1.0,128,100,2,8.782515356591729
2,1.0,128,100,4,11.098696699180952
2,1.0,128,100,6,12.26557648278621
2,1.0,128,100,8,12.972741085097873
2,1.0,128,200,2,8.804439889832949
2,1.0,128,200,4,11.117735473252754
2,1.0,128,200,6,12.271551364859727
2,1.0,128,200,8,13.007940948127068
2,10.0,32,50,2,17.55199707493023
2,10.0,32,50,4,17.75885927712439
2,10.0,32,50,6,18.69940173982168
2,10.0,32,50,8,19.341794311067183
2,10.0,32,100,2,17.482820088890065
2,10.0,32,100,4,17.55240490295268
2,10.0,32,100,6,18.718312763081325
2,10.0,32,100,8,19.470987010795334
2,10.0,32,200,2,17.96377499912639
2,10.0,32,200,4,17.612335849752373
2,10.0,32,200,6,18.517085871628023
2,10.0,32,200,8,19.337434048777524
2,10.0,56,50,2,13.700088355900215
2,10.0,56,50,4,15.969570310541242
2,10.0,56,50,6,17.361270667127048
2,10.0,56,50,8,18.19366769984982
2,10.0,56,100,2,13.863467398237786
2,10.0,56,100,4,15.863139009342897
2,10.0,56,100,6,17.40070609490656
2,10.0,56,100,8,18.011119480956072
2,10.0,56,200,2,13.830387598482828
2,10.0,56,200,4,15.946428737417637
2,10.0,56,200,6,17.308575898137374
2,10.0,56,200,8,18.201050734318937
2,10.0,80,50,2,12.73267384031254
2,10.0,80,50,4,15.485812800812447
2,10.0,80,50,6,16.784543529368257
2,10.0,80,50,8,17.64470809837763
2,10.0,80,100,2,12.786543144157164
2,10.0,80,100,4,15.44405198151269
2,10.0,80,100,6,16.76980706465032
2,10.0,80,100,8,17.604882629401978
2,10.0,80,200,2,12.712697081411962
2,10.0,80,200,4,15.47208894085888
2,10.0,80,200,6,16.871782801503908
2,10.0,80,200,8,17.71264694034465
2,10.0,104,50,2,12.379626401523941
2,10.0,104,50,4,15.260719284164438
2,10.0,104,50,6,16.66213993905443
2,10.0,104,50,8,17.39694989974418
2,10.0,104,100,2,12.314548999676346
2,10.0,104,100,4,15.14718300089323
2,10.0,104,100,6,16.680243925511125
2,10.0,104,100,8,17.340763199146036
2,10.0,104,200,2,12.36799392432573
2,10.0,104,200,4,15.253105347692408
2,10.0,104,200,6,16.623712819685526
2,10.0,104,200,8,17.310930862652736
2,10.0,128,50,2,12.145499135954628
2,10.0,128,50,4,15.062042102739174
2,10.0,128,50,6,16.435282626552194
2,10.0,128,50,8,17.29974688747224
2,10.0,128,100,2,12.153036678402307
2,10.0,128,100,4,15.021159443200995
2,10.0,128,100,6,16.406037945058138
2,10.0,128,100,8,17.240803022158712
2,10.0,128,200,2,12.084900449659228
2,10.0,128,200,4,14.965046402553064
2,10.0,128,200,6,16.420311705480106
2,10.0,128,200,8,17.326711282255573
3,0.01,32,50,2,76.18489622277887
3,0.01,32,50,4,87.82676775266533
3,0.01,32,50,6,90.12426418898225
3,0.01,32,50,8,90.83289468875162
3,0.01,32,100,2,75.4660910949505
3,0.01,32,100,4,87.84186247131375
3,0.01,32,100,6,89.69059287663073
3,0.01,32,100,8,89.04783461442408
3,0.01,32,200,2,76.43864493709538
3,0.01,32,200,4,87.57189265865834
3,0.01,32,200,6,89.75354974468955
3,0.01,32,200,8,89.15620849693983
3,0.01,56,50,2,68.15281367045642
3,0.01,56,50,4,80.42336947585025
3,0.01,56,50,6,80.75990338611162
3,0.01,56,50,8,80.1415213276136
3,0.01,56,100,2,67.90955694075143
3,0.01,56,100,4,79.56385021757112
3,0.01,56,100,6,81.46928856850536
3,0.01,56,100,8,80.8665595389105
3,0.01,56,200,2,68.14040395188685
3,0.01,56,200,4,78.38104772277774
3,0.01,56,200,6,79.38729407551516
3,0.01,56,200,8,80.64332795708607
3,0.01,80,50,2,58.59172014713175
3,0.01,80,50,4,66.4495535796062
3,0.01,80,50,6,65.26493945045968
3,0.01,80,50,8,64.65041936043589
3,0.01,80,100,2,58.18818495333965
3,0.01,80,100,4,68.18124512009669
3,0.01,80,100,6,65.05454662129539
3,0.01,80,100,8,62.93296968885738
3,0.01,80,200,2,58.615056087236354
3,0.01,80,200,4,66.08793729287851
3,0.01,80,200,6,65.34196209206058
3,0.01,80,200,8,63.763746178300046
3,0.01,104,50,2,48.29370233141675
3,0.01,104,50,4,48.73984597903004
3,0.01,104,50,6,44.903956344738226
3,0.01,104,50,8,44.36302053447649
3,0.01,104,100,2,48.25800091121701
3,0.01,104,100,4,51.792771286461765
3,0.01,104,100,6,47.37848970549485
3,0.01,104,100,8,42.08641408590606
3,0.01,104,200,2,47.94005807668568
3,0.01,104,200,4,48.826405829110186
3,0.01,104,200,6,46.999906783315865
3,0.01,104,200,8,42.564169202610394
3,0.01,128,50,2,37.0910933586888
3,0.01,128,50,4,31.411967653802666
3,0.01,128,50,6,26.583213718189043
3,0.01,128,50,8,23.34574814176723
3,0.01,128,100,2,37.69595348386372
3,0.01,128,100,4,32.816638329530655
3,0.01,128,100,6,27.50825314221678
3,0.01,128,100,8,21.465279422187997
3,0.01,128,200,2,37.05232446459979
3,0.01,128,200,4,29.830305496375328
3,0.01,128,200,6,25.819271280183283
3,0.01,128,200,8,22.407832601884156
3,0.1,32,50,2,34.90355320197425
3,0.1,32,50,4,40.79718454594901
3,0.1,32,50,6,39.32704124124427
3,0.1,32,50,8,38.013822601400555
3,0.1,32,100,2,35.423611834348925
3,0.1,32,100,4,39.31325376239823
3,0.1,32,100,6,38.38361135280783
3,0.1,32,100,8,38.281654972347724
3,0.1,32,200,2,36.484336261606174
3,0.1,32,200,4,40.589593006395184
3,0.1,32,200,6,39.743823837209284
3,0.1,32,200,8,37.92316272688391
3,0.1,56,50,2,20.581847298090235
3,0.1,56,50,4,17.88012525800486
3,0.1,56,50,6,17.52483491262042
3,0.1,56,50,8,18.024772551605455
3,0.1,56,100,2,20.879509992586453
3,0.1,56,100,4,18.74939523357369
3,0.1,56,100,6,18.670324387268426
3,0.1,56,100,8,16.691368654701108
3,0.1,56,200,2,20.798588957975547
3,0.1,56,200,4,20.140793473372902
3,0.1,56,200,6,18.184682935961387
3,0.1,56,200,8,16.969453294767366
3,0.1,80,50,2,10.952023873915472
3,0.1,80,50,4,10.368101469226266
3,0.1,80,50,6,11.074204626864892
3,0.1,80,50,8,11.611849822699725
3,0.1,80,100,2,10.271507958056688
3,0.1,80,100,4,10.627609471035697
3,0.1,80,100,6,11.07405374932193
3,0.1,80,100,8,11.565554653511407
3,0.1,80,200,2,10.485762434685897
3,0.1,80,200,4,10.411905487417096
3,0.1,80,200,6,11.041534211905768
3,0.1,80,200,8,11.50985676826292
3,0.1,104,50,2,7.931277982814234
3,0.1,104,50,4,9.194747661137958
3,0.1,104,50,6,9.990951640612549
3,0.1,104,50,8,10.584454354415861
3,0.1,104,100,2,7.975254889453867
3,0.1,104,100,4,9.255687923739131
3,0.1,104,100,6,10.051334228010905
3,0.1,104,100,8,10.508938935324856
3,0.1,104,200,2,7.875072418364318
3,0.1,104,200,4,9.17564156183583
3,0.1,104,200,6,10.0067647940924
3,0.1,104,200,8,10.505423280593856
3,0.1,128,50,2,6.878526372780376
3,0.1,128,50,4,8.545848833650034
3,0.1,128,50,6,9.478041518510633
3,0.1,128,50,8,10.05792189048647
3,0.1,128,100,2,6.839119237220387
3,0.1,128,100,4,8.536572483332147
3,0.1,128,100,6,9.485785842861972
3,0.1,128,100,8,9.929809857686825
3,0.1,128,200,2,6.875791192044852
3,0.1,128,200,4,8.560481815147481
3,0.1,128,200,6,9.45158658711181
3,0.1,128,200,8,9.928605231514732
3,1.0,32,50,2,17.973457157734785
3,1.0,32,50,4,16.974713199760146
3,1.0,32,50,6,17.070375406598906
3,1.0,32,50,8,17.6640182285353
3,1.0,32,100,2,17.967524053797153
3,1.0,32,100,4,16.867593227664262
3,1.0,32,100,6,17.109388154603963
3,1.0,32,100,8,17.65660065159271
3,1.0,32,200,2,17.73634135230346
3,1.0,32,200,4,16.850407291549757
3,1.0,32,200,6,17.502090983129367
3,1.0,32,200,8,17.562506842017964
3,1.0,56,50,2,12.053564843877377
3,1.0,56,50,4,13.221429215131119
3,1.0,56,50,6,14.194839125336696
3,1.0,56,50,8,14.803885872508932
3,1.0,56,100,2,11.956269532510264
3,1.0,56,100,4,13.26423513727254
3,1.0,56,100,6,14.110330847113055
3,1.0,56,100,8,14.725100303528482
3,1.0,56,200,2,11.942252446404419
3,1.0,56,200,4,13.222224507122394
3,1.0,56,200,6,14.217203781398661
3,1.0,56,200,8,14.873527902800689
3,1.0,80,50,2,9.964892558864687
3,1.0,80,50,4,11.927742850158689
3,1.0,80,50,6,13.014192170298507
3,1.0,80,50,8,13.832398317901985
3,1.0,80,100,2,10.034048860537034
3,1.0,80,100,4,11.928576744345989
3,1.0,80,100,6,13.006627374221784
3,1.0,80,100,8,13.85865150464141
3,1.0,80,200,2,9.994345592240578
3,1.0,80,200,4,11.908242687167757
3,1.0,80,200,6,13.062194090551117
3,1.0,80,200,8,13.714023618804902
3,1.0,104,50,2,9.184932220159059
3,1.0,104,50,4,11.373070186359847
3,1.0,104,50,6,12.554311940166837
3,1.0,104,50,8,13.273298975697118
3,1.0,104,100,2,9.178747250716151
3,1.0,104,100,4,11.361296227606934
3,1.0,104,100,6,12.520324662846644
3,1.0,104,100,8,13.31913341326571
3,1.0,104,200,2,9.163214316633047
3,1.0,104,200,4,11.359842618738597
3,1.0,104,200,6,12.582324427564577
3,1.0,104,200,8,13.300043286704847
3,1.0,128,50,2,8.782085772615645
3,1.0,128,50,4,11.095661697082052
3,1.0,128,50,6,12.241304853860411
3,1.0,128,50,8,13.052430428621106
3,1.0,128,100,2,8.818092898105528
3,1.0,128,100,4,11.086283833616292
3,1.0,128,100,6,12.285986067214907
3,1.0,128,100,8,13.018467916654888
3,1.0,128,200,2,8.772359780131032
3,1.0,128,200,4,11.065615457758524
3,1.0,128,200,6,12.235651137248128
3,1.0,128,200,8,12.978530762077328
3,10.0,32,50,2,17.810555013911397
3,10.0,32,50,4,17.75254782000495
3,10.0,32,50,6,18.719257532540656
3,10.0,32,50,8,19.256594333461106
3,10.0,32,100,2,17.633455453220254
3,10.0,32,100,4,17.65303666573342
3,10.0,32,100,6,18.580285077489822
3,10.0,32,100,8,19.463145813367184
3,10.0,32,200,2,17.53181714995185
3,10.0,32,200,4,17.66231326080761
3,10.0,32,200,6,18.719356673508294
3,10.0,32,200,8,19.212498586303422
3,10.0,56,50,2,13.713500667423324
3,10.0,56,50,4,15.984129186923441
3,10.0,56,50,6,17.386043524330994
3,10.0,56,50,8,18.024911172888686
3,10.0,56,100,2,13.753102594074356
3,10.0,56,100,4,15.962704225098532
3,10.0,56,100,6,17.292280598354758
3,10.0,56,100,8,18.232045578099953
3,10.0,56,200,2,13.791633690432553
3,10.0,56,200,4,16.074917754204634
3,10.0,56,200,6,17.46563310744131
3,10.0,56,200,8,18.08526897471916
3,10.0,80,50,2,12.726772468197716
3,10.0,80,50,4,15.451130891662876
3,10.0,80,50,6,16.817072930672758
3,10.0,80,50,8,17.688634721462428
3,10.0,80,100,2,12.79499641015918
3,10.0,80,100,4,15.528704244642505
3,10.0,80,100,6,16.770795524349204
3,10.0,80,100,8,17.643522229077426
3,10.0,80,200,2,12.75740614066936
3,10.0,80,200,4,15.378536282895903
3,10.0,80,200,6,16.8384941549562
3,10.0,80,200,8,17.689551999385536
3,10.0,104,50,2,12.325411460461583
3,10.0,104,50,4,15.218333025160714
3,10.0,104,50,6,16.69237912746588
3,10.0,104,50,8,17.498435032215315
3,10.0,104,100,2,12.378372811656444
3,10.0,104,100,4,15.132605413891847
3,10.0,104,100,6,16.555642489746237
3,10.0,104,100,8,17.387901730424925
3,10.0,104,200,2,12.33831342896931
3,10.0,104,200,4,15.175426817772292
3,10.0,104,200,6,16.543167520204904
3,10.0,104,200,8,17.3996086120434
3,10.0,128,50,2,12.116772091777259
3,10.0,128,50,4,15.051199952001076
3,10.0,128,50,6,16.402635041657618
3,10.0,128,50,8,17.25800823136939
3,10.0,128,100,2,12.13489655565732
3,10.0,128,100,4,15.032878573377232
3,10.0,128,100,6,16.488019466242434
3,10.0,128,100,8,17.298254549032258
3,10.0,128,200,2,12.091608375357984
3,10.0,128,200,4,15.038020712699076
3,10.0,128,200,6,16.363869414933742
3,10.0,128,200,8,17.260132398395914
4,0.01,32,50,2,75.52089636929392
4,0.01,32,50,4,86.7441210554883
4,0.01,32,50,6,88.99277006207602
4,0.01,32,50,8,90.11400610207139
4,0.01,32,100,2,75.20637553054046
4,0.01,32,100,4,87.82496338497954
4,0.01,32,100,6,90.7454184224231
4,0.01,32,100,8,89.73119344223949
4,0.01,32,200,2,75.75316668648912
4,0.01,32,200,4,87.73068550756038
4,0.01,32,200,6,89.88100437698135
4,0.01,32,200,8,89.42554048967284
4,0.01,56,50,2,67.8224012046431
4,0.01,56,50,4,79.26913983962679
4,0.01,56,50,6,80.95809526027269
4,0.01,56,50,8,79.01783848008743
4,0.01,56,100,2,67.70431752038328
4,0.01,56,100,4,79.27297626126966
4,0.01,56,100,6,79.71535916296628
4,0.01,56,100,8,80.52624370629464
4,0.01,56,200,2,67.9750517350758
4,0.01,56,200,4,79.39890252611225
4,0.01,56,200,6,80.50232086627041
4,0.01,56,200,8,81.11195386190407
4,0.01,80,50,2,58.62972268153643
4,0.01,80,50,4,66.47545055912427
4,0.01,80,50,6,65.2893690408118
4,0.01,80,50,8,62.498118074694204
4,0.01,80,100,2,58.6361118676854
4,0.01,80,100,4,66.2742626170749
4,0.01,80,100,6,64.8285880064227
4,0.01,80,100,8,61.89826561835201
4,0.01,80,200,2,60.05762365832387
4,0.01,80,200,4,65.30432492431723
4,0.01,80,200,6,63.757880856945114
4,0.01,80,200,8,62.48569938322599
4,0.01,104,50,2,49.29037524627851
4,0.01,104,50,4,49.72028126447551
4,0.01,104,50,6,43.69856194196667
4,0.01,104,50,8,43.27957337364856
4,0.01,104,100,2,48.82543258201907
4,0.01,104,100,4,49.400298694526114
4,0.01,104,100,6,46.015897947580235
4,0.01,104,100,8,43.62843746425615
4,0.01,104,200,2,48.24608588278466
4,0.01,104,200,4,50.253139378804356
4,0.01,104,200,6,46.487152868022605
4,0.01,104,200,8,40.86787963817802
4,0.01,128,50,2,35.90506948949084
4,0.01,128,50,4,31.31865139840857
4,0.01,128,50,6,27.54321673287971
4,0.01,128,50,8,24.059032002015865
4,0.01,128,100,2,37.665950959644384
4,0.01,128,100,4,31.602281997468314
4,0.01,128,100,6,26.740104770269692
4,0.01,128,100,8,24.05856243465347
4,0.01,128,200,2,37.09808601932999
4,0.01,128,200,4,31.148527636563838
4,0.01,128,200,6,23.1661930538954
4,0.01,128,200,8,19.753566178541522
4,0.1,32,50,2,36.43033755853638
4,0.1,32,50,4,40.64351807137593
4,0.1,32,50,6,38.94406552628495
4,0.1,32,50,8,38.262477161160135
4,0.1,32,100,2,35.113613414392155
4,0.1,32,100,4,39.323865451440156
4,0.1,32,100,6,39.06243989253188
4,0.1,32,100,8,37.88652789745014
4,0.1,32,200,2,36.31134493594431
4,0.1,32,200,4,39.38546085968942
4,0.1,32,200,6,39.52483374351362
4,0.1,32,200,8,36.85339167189593
4,0.1,56,50,2,21.60430676651802
4,0.1,56,50,4,19.060662352990697
4,0.1,56,50,6,18.89997817749701
4,0.1,56,50,8,16.834933038118958
4,0.1,56,100,2,20.731886989685144
4,0.1,56,100,4,20.15408905037485
4,0.1,56,100,6,16.749806758847704
4,0.1,56,100,8,16.169557856906348
4,0.1,56,200,2,20.847032737449684
4,0.1,56,200,4,19.5042533148384
4,0.1,56,200,6,18.209058431450018
4,0.1,56,200,8,17.820543367127115
4,0.1,80,50,2,10.932327704198334
4,0.1,80,50,4,10.447568867993398
4,0.1,80,50,6,11.064975612387691
4,0.1,80,50,8,11.507024361217725
4,0.1,80,100,2,10.82900904890199
4,0.1,80,100,4,10.666184791965561
4,0.1,80,100,6,11.282635801796774
4,0.1,80,100,8,11.59245815431612
4,0.1,80,200,2,10.54904726616944
4,0.1,80,200,4,10.96735114499829
4,0.1,80,200,6,11.075112948907325
4,0.1,80,200,8,11.504035904935744
4,0.1,104,50,2,7.93339973336436
4,0.1,104,50,4,9.170778589173366
4,0.1,104,50,6,10.02277108621074
4,0.1,104,50,8,10.584647890486304
4,0.1,104,100,2,7.913808956020029
4,0.1,104,100,4,9.232965197150214
4,0.1,104,100,6,10.060206750220283
4,0.1,104,100,8,10.497575207427461
4,0.1,104,200,2,7.967690550743192
4,0.1,104,200,4,9.162878560030105
4,0.1,104,200,6,9.968634051662095
4,0.1,104,200,8,10.537995574990786
4,0.1,128,50,2,6.886622367093547
4,0.1,128,50,4,8.560494515226024
4,0.1,128,50,6,9.469737187155662
4,0.1,128,50,8,10.014942830342045
4,0.1,128,100,2,6.8722048539346785
4,0.1,128,100,4,8.572792716692671
4,0.1,128,100,6,9.45902793003084
4,0.1,128,100,8,9.897349887219258
4,0.1,128,200,2,6.836990153326934
4,0.1,128,200,4,8.520493653731073
4,0.1,128,200,6,9.463698043469
4,0.1,128,200,8,9.912940236113393
4,1.0,32,50,2,17.51024905216646
4,1.0,32,50,4,16.687883579831908
4,1.0,32,50,6,17.450168615362713
4,1.0,32,50,8,17.85448852866184
4,1.0,32,100,2,17.906270558077477
4,1.0,32,100,4,16.763424632082426
4,1.0,32,100,6,17.19438449655387
4,1.0,32,100,8,17.73748660581055
4,1.0,32,200,2,17.863471948809895
4,1.0,32,200,4,16.845402510904705
4,1.0,32,200,6,17.24072159834644
4,1.0,32,200,8,17.747824414667207
4,1.0,56,50,2,12.069022041150856
4,1.0,56,50,4,13.169310115277623
4,1.0,56,50,6,14.16822561026466
4,1.0,56,50,8,14.92163264691935
4,1.0,56,100,2,11.957393985942698
4,1.0,56,100,4,13.078269237602532
4,1.0,56,100,6,14.12367215287112
4,1.0,56,100,8,14.802154920254116
4,1.0,56,200,2,12.033925420366756
4,1.0,56,200,4,13.055702156344024
4,1.0,56,200,6,14.16634670719026
4,1.0,56,200,8,14.88605633325154
4,1.0,80,50,2,10.007878061358243
4,1.0,80,50,4,11.958800480631277
4,1.0,80,50,6,13.150207581712872
4,1.0,80,50,8,13.800217358632718
4,1.0,80,100,2,9.949971368643048
4,1.0,80,100,4,11.878961163450022
4,1.0,80,100,6,13.063263355199751
4,1.0,80,100,8,13.742525461973795
4,1.0,80,200,2,9.94926936088423
4,1.0,80,200,4,11.91860809161677
4,1.0,80,200,6,13.117389906866
4,1.0,80,200,8,13.688072993856961
4,1.0,104,50,2,9.196555106341428
4,1.0,104,50,4,11.422304325410654
4,1.0,104,50,6,12.581081332020318
4,1.0,104,50,8,13.284795884648636
4,1.0,104,100,2,9.213644391930753
4,1.0,104,100,4,11.406438622156156
4,1.0,104,100,6,12.515106990538241
4,1.0,104,100,8,13.23764642593045
4,1.0,104,200,2,9.241581978394116
4,1.0,104,200,4,11.371209487666752
4,1.0,104,200,6,12.567667946695927
4,1.0,104,200,8,13.207207440225229
4,1.0,128,50,2,8.796355481162443
4,1.0,128,50,4,11.161745571772562
4,1.0,128,50,6,12.328938156404757
4,1.0,128,50,8,13.035974025938057
4,1.0,128,100,2,8.771523733142049
4,1.0,128,100,4,11.105553593480867
4,1.0,128,100,6,12.260199524094437
4,1.0,128,100,8,12.983914180065376
4,1.0,128,200,2,8.79564293589512
4,1.0,128,200,4,11.059809298259495
4,1.0,128,200,6,12.219299147965913
4,1.0,128,200,8,12.949032568420229
4,10.0,32,50,2,17.775216471752906
4,10.0,32,50,4,17.716955776971783
4,10.0,32,50,6,18.76320762850142
4,10.0,32,50,8,19.52685985816486
4,10.0,32,100,2,17.901602523078406
4,10.0,32,100,4,17.707380141989383
4,10.0,32,100,6,18.65414299240922
4,10.0,32,100,8,19.32676974504731
4,10.0,32,200,2,17.912252914524096
4,10.0,32,200,4,17.81517495933697
4,10.0,32,200,6,18.49328512037429
4,10.0,32,200,8,19.45005476289311
4,10.0,56,50,2,13.73491034912802
4,10.0,56,50,4,16.053409958104197
4,10.0,56,50,6,17.36099578954754
4,10.0,56,50,8,18.097088494257694
4,10.0,56,100,2,13.823281891555926
4,10.0,56,100,4,15.954007325165842
4,10.0,56,100,6,17.291862443788474
4,10.0,56,100,8,18.173417030042852
4,10.0,56,200,2,13.754469821242713
4,10.0,56,200,4,16.01183227290355
4,10.0,56,200,6,17.24596457341203
4,10.0,56,200,8,17.975100355438517
4,10.0,80,50,2,12.712893775685199
4,10.0,80,50,4,15.352026919263304
4,10.0,80,50,6,16.79164878270007
4,10.0,80,50,8,17.572673525331336
4,10.0,80,100,2,12.76948957649402
4,10.0,80,100,4,15.391158010480058
4,10.0,80,100,6,16.88828065819869
4,10.0,80,100,8,17.627066092089535
4,10.0,80,200,2,12.792757035461879
4,10.0,80,200,4,15.50159027801538
4,10.0,80,200,6,16.801312890296593
4,10.0,80,200,8,17.708675043137678
4,10.0,104,50,2,12.367309184147489
4,10.0,104,50,4,15.204740683474643
4,10.0,104,50,6,16.662683672225327
4,10.0,104,50,8,17.50492669646696
4,10.0,104,100,2,12.31742133141573
4,10.0,104,100,4,15.210057088630677
4,10.0,104,100,6,16.674137895022827
4,10.0,104,100,8,17.388737468987816
4,10.0,104,200,2,12.308308618960215
4,10.0,104,200,4,15.159310509696493
4,10.0,104,200,6,16.562012517700698
4,10.0,104,200,8,17.397282425454144
4,10.0,128,50,2,12.11732145391585
4,10.0,128,50,4,15.069930906789201
4,10.0,128,50,6,16.43467148496883
4,10.0,128,50,8,17.274968749265103
4,10.0,128,100,2,12.106945005681881
4,10.0,128,100,4,15.103775896301018
4,10.0,128,100,6,16.467939845503654
4,10.0,128,100,8,17.262851074538055
4,10.0,128,200,2,12.100046810343338
4,10.0,128,200,4,15.04512509700635
4,10.0,128,200,6,16.51163222915438
4,10.0,128,200,8,17.290665722414147
5,0.01,32,50,2,74.18391061405526
5,0.01,32,50,4,88.11439190588337
5,0.01,32,50,6,90.03325843887951
5,0.01,32,50,8,90.1999690476595
5,0.01,32,100,2,75.46603673002544
5,0.01,32,100,4,88.10678143852108
5,0.01,32,100,6,88.99055310807135
5,0.01,32,100,8,89.73515670996493
5,0.01,32,200,2,75.1644164155265
5,0.01,32,200,4,87.35602283818064
5,0.01,32,200,6,90.143328174693
5,0.01,32,200,8,88.48004798339453
5,0.01,56,50,2,68.04329119594468
5,0.01,56,50,4,79.51266448194777
5,0.01,56,50,6,80.95639795439874
5,0.01,56,50,8,80.54993489296554
5,0.01,56,100,2,68.15920758028524
5,0.01,56,100,4,79.23893212851978
5,0.01,56,100,6,80.3533165902973
5,0.01,56,100,8,79.6097684751301
5,0.01,56,200,2,67.83481933065825
5,0.01,56,200,4,79.42703338988355
5,0.01,56,200,6,81.44492868895625
5,0.01,56,200,8,79.42657722153471
5,0.01,80,50,2,59.85568973963765
5,0.01,80,50,4,66.74983266745178
5,0.01,80,50,6,65.22247607961393
5,0.01,80,50,8,63.870541709990505
5,0.01,80,100,2,58.93177099285865
5,0.01,80,100,4,66.70663761014507
5,0.01,80,100,6,67.43803126962884
5,0.01,80,100,8,62.64679550414751
5,0.01,80,200,2,59.71672433943878
5,0.01,80,200,4,66.76444493846013
5,0.01,80,200,6,66.57273518129658
5,0.01,80,200,8,63.54888986357721
5,0.01,104,50,2,48.09751804951263
5,0.01,104,50,4,50.54027609341758
5,0.01,104,50,6,46.047302181979404
5,0.01,104,50,8,41.658089667961676
5,0.01,104,100,2,48.541674219657516
5,0.01,104,100,4,50.06407065910115
5,0.01,104,100,6,46.69353894418456
5,0.01,104,100,8,41.39015376628102
5,0.01,104,200,2,47.46358829081448
5,0.01,104,200,4,50.44512617086542
5,0.01,104,200,6,47.20770287941495
5,0.01,104,200,8,42.85890927897886
5,0.01,128,50,2,35.776993330917804
5,0.01,128,50,4,31.621443114963167
5,0.01,128,50,6,24.10592458563193
5,0.01,128,50,8,21.50237882007186
5,0.01,128,100,2,35.973102375851
5,0.01,128,100,4,30.67786375822258
5,0.01,128,100,6,26.421830459818867
5,0.01,128,100,8,21.974535249519455
5,0.01,128,200,2,36.47763201791308
5,0.01,128,200,4,32.96784001400773
5,0.01,128,200,6,26.802070420982748
5,0.01,128,200,8,23.547632439371817
5,0.1,32,50,2,36.01469788919925
5,0.1,32,50,4,41.129709130688596
5,0.1,32,50,6,39.50153652051638
5,0.1,32,50,8,39.18581906353281
5,0.1,32,100,2,35.650611371419785
5,0.1,32,100,4,39.191971811194485
5,0.1,32,100,6,40.00057186671594
5,0.1,32,100,8,36.521683509855386
5,0.1,32,200,2,34.91550677306882
5,0.1,32,200,4,39.320358534038846
5,0.1,32,200,6,38.95319962293544
5,0.1,32,200,8,38.513719863664384
5,0.1,56,50,2,21.62754374630959
5,0.1,56,50,4,17.666245377513736
5,0.1,56,50,6,17.206334118788146
5,0.1,56,50,8,18.653545138829184
5,0.1,56,100,2,20.60566091438831
5,0.1,56,100,4,18.28973212761873
5,0.1,56,100,6,19.487424365588723
5,0.1,56,100,8,16.949029918356384
5,0.1,56,200,2,19.398711726093566
5,0.1,56,200,4,19.307533884874477
5,0.1,56,200,6,16.135186341695903
5,0.1,56,200,8,17.863904590521027
5,0.1,80,50,2,10.83401060677147
5,0.1,80,50,4,10.397558299784238
5,0.1,80,50,6,11.04766229956167
5,0.1,80,50,8,11.625625101326037
5,0.1,80,100,2,10.386365249660981
5,0.1,80,100,4,10.74600021116369
5,0.1,80,100,6,11.147470818614215
5,0.1,80,100,8,11.590720055818514
5,0.1,80,200,2,11.398875237910675
5,0.1,80,200,4,10.73054127205198
5,0.1,80,200,6,11.027138092252914
5,0.1,80,200,8,11.51886893017991
5,0.1,104,50,2,7.887940688600844
5,0.1,104,50,4,9.18607594359284
5,0.1,104,50,6,10.096980944838881
5,0.1,104,50,8,10.50629018654476
5,0.1,104,100,2,7.930880452137313
5,0.1,104,100,4,9.1611025713877
5,0.1,104,100,6,10.038574396876822
5,0.1,104,100,8,10.556206628451736
5,0.1,104,200,2,8.012195589707268
5,0.1,104,200,4,9.223989258679689
5,0.1,104,200,6,10.0403477183765
5,0.1,104,200,8,10.545909605701212
5,0.1,128,50,2,6.860010904019868
5,0.1,128,50,4,8.600420883880208
5,0.1,128,50,6,9.445771287451532
5,0.1,128,50,8,9.946509733453517
5,0.1,128,100,2,6.8771261915527635
5,0.1,128,100,4,8.544931696422926
5,0.1,128,100,6,9.39753273582998
5,0.1,128,100,8,10.01550197674542
5,0.1,128,200,2,6.894700002361132
5,0.1,128,200,4,8.541539509144666
5,0.1,128,200,6,9.376986077061451
5,0.1,128,200,8,9.958606498089432
5,1.0,32,50,2,18.018814638295115
5,1.0,32,50,4,16.767335262328253
5,1.0,32,50,6,17.201078842394892
5,1.0,32,50,8,18.008194223855472
5,1.0,32,100,2,17.7650926924568
5,1.0,32,100,4,16.8166879876225
5,1.0,32,100,6,17.541246471068956
5,1.0,32,100,8,17.67591645752846
5,1.0,32,200,2,17.75234916078203
5,1.0,32,200,4,16.797311154402728
5,1.0,32,200,6,17.24957529180944
5,1.0,32,200,8,17.648276359967372
5,1.0,56,50,2,11.926779361943707
5,1.0,56,50,4,13.121639293744016
5,1.0,56,50,6,14.208871482584172
5,1.0,56,50,8,14.827529043073676
5,1.0,56,100,2,12.075556828709336
5,1.0,56,100,4,13.152979500895475
5,1.0,56,100,6,14.121363754118192
5,1.0,56,100,8,14.771863993783251
5,1.0,56,200,2,11.972028238525123
5,1.0,56,200,4,13.161113356595491
5,1.0,56,200,6,14.020383437459849
5,1.0,56,200,8,14.784447870455917
5,1.0,80,50,2,10.0135459705977
5,1.0,80,50,4,11.934170083771175
5,1.0,80,50,6,13.086744669602265
5,1.0,80,50,8,13.75163786409868
5,1.0,80,100,2,9.995902366341502
5,1.0,80,100,4,11.969588526741916
5,1.0,80,100,6,13.06863098820078
5,1.0,80,100,8,13.754729133914752
5,1.0,80,200,2,10.002738959011621
5,1.0,80,200,4,11.912377250175059
5,1.0,80,200,6,13.08140371554006
5,1.0,80,200,8,13.822681661686074
5,1.0,104,50,2,9.198803235042657
5,1.0,104,50,4,11.373056434340393
5,1.0,104,50,6,12.52297921392246
5,1.0,104,50,8,13.337730747504237
5,1.0,104,100,2,9.165901591422557
5,1.0,104,100,4,11.415336939834548
5,1.0,104,100,6,12.615037669980977
5,1.0,104,100,8,13.274801111258014
5,1.0,104,200,2,9.222018008543593
5,1.0,104,200,4,11.369857799543315
5,1.0,104,200,6,12.607372555093306
5,1.0,104,200,8,13.214504994226292
5,1.0,128,50,2,8.806172365018305
5,1.0,128,50,4,11.079290374451606
5,1.0,128,50,6,12.275589198871204
5,1.0,128,50,8,12.96929430451326
5,1.0,128,100,2,8.783506707562026
5,1.0,128,100,4,11.114453921269257
5,1.0,128,100,6,12.248727537746332
5,1.0,128,100,8,12.910125520008812
5,1.0,128,200,2,8.789260197429316
5,1.0,128,200,4,11.055517029388964
5,1.0,128,200,6,12.250930750773751
5,1.0,128,200,8,13.036506306276387
5,10.0,32,50,2,17.607187238453257
5,10.0,32,50,4,17.70123512570764
5,10.0,32,50,6,18.594552056460515
5,10.0,32,50,8,19.088283624158265
5,10.0,32,100,2,17.6879770598761
5,10.0,32,100,4,17.678243742488892
5,10.0,32,100,6,18.7639484657128
5,10.0,32,100,8,19.375538283223214
5,10.0,32,200,2,17.613868607139384
5,10.0,32,200,4,17.730045008465073
5,10.0,32,200,6,18.75049712475744
5,10.0,32,200,8,19.337582789849844
5,10.0,56,50,2,13.77140833836795
5,10.0,56,50,4,15.975869937426518
5,10.0,56,50,6,17.31979778180556
5,10.0,56,50,8,18.152242037588938
5,10.0,56,100,2,13.707098598972474
5,10.0,56,100,4,15.97986981545368
5,10.0,56,100,6,17.4219473661964
5,10.0,56,100,8,18.05307119769901
5,10.0,56,200,2,13.709111123016077
5,10.0,56,200,4,15.969669084172
5,10.0,56,200,6,17.278445024815916
5,10.0,56,200,8,18.02940319527068
5,10.0,80,50,2,12.796887818121633
5,10.0,80,50,4,15.455959387984537
5,10.0,80,50,6,16.84973842066905
5,10.0,80,50,8,17.812155308650944
5,10.0,80,100,2,12.785939296072906
5,10.0,80,100,4,15.404792144076378
5,10.0,80,100,6,16.83074063770868
5,10.0,80,100,8,17.650472644388664
5,10.0,80,200,2,12.849928805974121
5,10.0,80,200,4,15.467676237195779
5,10.0,80,200,6,16.736713320853166
5,10.0,80,200,8,17.64568159750502
5,10.0,104,50,2,12.35131928351028
5,10.0,104,50,4,15.210223243374216
5,10.0,104,50,6,16.636676101289545
5,10.0,104,50,8,17.52384893144398
5,10.0,104,100,2,12.370915056581635
5,10.0,104,100,4,15.188564435917682
5,10.0,104,100,6,16.571859227301918
5,10.0,104,100,8,17.400194522164966
5,10.0,104,200,2,12.394502627113972
5,10.0,104,200,4,15.155710364104515
5,10.0,104,200,6,16.593235503588172
5,10.0,104,200,8,17.50843422503712
5,10.0,128,50,2,12.08155637807487
5,10.0,128,50,4,15.040558722243203
5,10.0,128,50,6,16.53675862998333
5,10.0,128,50,8,17.326743205832123
5,10.0,128,100,2,12.134554058191101
5,10.0,128,100,4,15.073284672812251
5,10.0,128,100,6,16.467727079237438
5,10.0,128,100,8,17.38966892078629
5,10.0,128,200,2,12.114023805239375
5,10.0,128,200,4,15.079248763984657
5,10.0,128,200,6,16.431808820865957
5,10.0,128,200,8,17.264141533413763
6,0.01,32,50,2,76.32296301294225
6,0.01,32,50,4,87.72434537767802
6,0.01,32,50,6,89.8550899348213
6,0.01,32,50,8,89.23834744419875
6,0.01,32,100,2,76.51173216171642
6,0.01,32,100,4,87.82998576531897
6,0.01,32,100,6,89.63454649238898
6,0.01,32,100,8,89.81509376555387
6,0.01,32,200,2,76.22983922363686
6,0.01,32,200,4,87.77071138366394
6,0.01,32,200,6,88.51171321187894
6,0.01,32,200,8,89.04186841281093
6,0.01,56,50,2,67.91256657805498
6,0.01,56,50,4,79.66673006935736
6,0.01,56,50,6,80.7286215670651
6,0.01,56,50,8,80.21261945361587
6,0.01,56,100,2,67.70208183028993
6,0.01,56,100,4,79.24886985478403
6,0.01,56,100,6,80.94231746284575
6,0.01,56,100,8,79.56083745785126
6,0.01,56,200,2,68.41982410995948
6,0.01,56,200,4,79.74071118541158
6,0.01,56,200,6,80.89478181530048
6,0.01,56,200,8,80.19545739073004
6,0.01,80,50,2,58.311809310829474
6,0.01,80,50,4,67.3786104328359
6,0.01,80,50,6,65.6702004400023
6,0.01,80,50,8,65.10092593822239
6,0.01,80,100,2,58.830840183128714
6,0.01,80,100,4,66.18281825350383
6,0.01,80,100,6,65.22972616294636
6,0.01,80,100,8,63.95735034829241
6,0.01,80,200,2,59.506846955579206
6,0.01,80,200,4,66.28216460018255
6,0.01,80,200,6,65.09899166281407
6,0.01,80,200,8,64.58929303963706
6,0.01,104,50,2,47.86094770048769
6,0.01,104,50,4,49.56958203510259
6,0.01,104,50,6,47.75481522332758
6,0.01,104,50,8,41.00574825278168
6,0.01,104,100,2,48.19577877507365
6,0.01,104,100,4,49.88671947643831
6,0.01,104,100,6,46.48644243531385
6,0.01,104,100,8,44.459100937704136
6,0.01,104,200,2,48.57538228652685
6,0.01,104,200,4,49.229356031124944
6,0.01,104,200,6,44.5829041837674
6,0.01,104,200,8,44.00374860400911
6,0.01,128,50,2,35.55622896974008
6,0.01,128,50,4,31.021903698253606
6,0.01,128,50,6,27.916634296759064
6,0.01,128,50,8,23.106145069481492
6,0.01,128,100,2,36.41654038280062
6,0.01,128,100,4,30.57814202871029
6,0.01,128,100,6,26.351576107597285
6,0.01,128,100,8,25.029841960875938
6,0.01,128,200,2,35.72115181017415
6,0.01,128,200,4,31.881984110107062
6,0.01,128,200,6,26.109205591278837
6,0.01,128,200,8,22.365603386534197
6,0.1,32,50,2,35.20516849416279
6,0.1,32,50,4,39.84327411442215
6,0.1,32,50,6,40.08081749986544
6,0.1,32,50,8,37.346939576375405
6,0.1,32,100,2,35.45800704596742
6,0.1,32,100,4,41.97774197390836
6,0.1,32,100,6,39.608486645610036
6,0.1,32,100,8,38.03869826792143
6,0.1,32,200,2,35.47745673911851
6,0.1,32,200,4,39.495259302285085
6,0.1,32,200,6,38.904332566408904
6,0.1,32,200,8,38.79086639420152
6,0.1,56,50,2,20.975525626870148
6,0.1,56,50,4,19.123394069689326
6,0.1,56,50,6,19.09697959545408
6,0.1,56,50,8,16.74499767249915
6,0.1,56,100,2,20.109789769208618
6,0.1,56,100,4,19.07751623833602
6,0.1,56,100,6,17.55308546456069
6,0.1,56,100,8,17.95937499575186
6,0.1,56,200,2,20.63292444755578
6,0.1,56,200,4,19.121368163090914
6,0.1,56,200,6,18.033270605310765
6,0.1,56,200,8,16.80303416327793
6,0.1,80,50,2,11.07107521934754
6,0.1,80,50,4,11.400983205860042
6,0.1,80,50,6,11.152691612897863
6,0.1,80,50,8,11.604542605727067
6,0.1,80,100,2,10.759607324631947
6,0.1,80,100,4,10.448874848312766
6,0.1,80,100,6,11.084702964041274
6,0.1,80,100,8,11.655244267414796
6,0.1,80,200,2,10.715170393250705
6,0.1,80,200,4,10.43026226617347
6,0.1,80,200,6,11.088354899618015
6,0.1,80,200,8,11.525524837434533
6,0.1,104,50,2,7.9162760855713135
6,0.1,104,50,4,9.236133595170752
6,0.1,104,50,6,10.06310332011932
6,0.1,104,50,8,10.545603221933447
6,0.1,104,100,2,7.911829732314439
6,0.1,104,100,4,9.170498018375518
6,0.1,104,100,6,10.054072861458465
6,0.1,104,100,8,10.561269112821503
6,0.1,104,200,2,7.8991991047562555
6,0.1,104,200,4,9.188839769315402
6,0.1,104,200,6,9.975028138850016
6,0.1,104,200,8,10.545151226321334
6,0.1,128,50,2,6.876093829444037
6,0.1,128,50,4,8.528231691201206
6,0.1,128,50,6,9.495603447531055
6,0.1,128,50,8,9.987920522609638
6,0.1,128,100,2,6.8528791182591755
6,0.1,128,100,4,8.520762050737773
6,0.1,128,100,6,9.40689885635803
6,0.1,128,100,8,10.021333064719633
6,0.1,128,200,2,6.913094973352797
6,0.1,128,200,4,8.515734526603556
6,0.1,128,200,6,9.49320761140163
6,0.1,128,200,8,9.966659087451447
6,1.0,32,50,2,18.080276559047988
6,1.0,32,50,4,16.86064136122397
6,1.0,32,50,6,17.34064352722333
6,1.0,32,50,8,17.7865134763817
6,1.0,32,100,2,17.60832226101909
6,1.0,32,100,4,16.6197119312133
6,1.0,32,100,6,17.12389721069281
6,1.0,32,100,8,17.665698522755193
6,1.0,32,200,2,17.7809618774026
6,1.0,32,200,4,16.644214053243708
6,1.0,32,200,6,17.32992106864903
6,1.0,32,200,8,17.49950898707785
6,1.0,56,50,2,11.989116183453707
6,1.0,56,50,4,13.13433854440426
6,1.0,56,50,6,14.107633329008518
6,1.0,56,50,8,14.699813940207168
6,1.0,56,100,2,12.089710911527884
6,1.0,56,100,4,13.167081963150242
6,1.0,56,100,6,14.043828478985635
6,1.0,56,100,8,14.89428281739444
6,1.0,56,200,2,12.055577322553994
6,1.0,56,200,4,13.08523668832372
6,1.0,56,200,6,14.16873110520458
6,1.0,56,200,8,14.836349537829127
6,1.0,80,50,2,9.963512228513315
6,1.0,80,50,4,11.9116788086741
6,1.0,80,50,6,13.0570131304379
6,1.0,80,50,8,13.812478181985737
6,1.0,80,100,2,10.029651169801003
6,1.0,80,100,4,11.934755339334176
6,1.0,80,100,6,12.999925026310624
6,1.0,80,100,8,13.72328990295323
6,1.0,80,200,2,10.007558445680004
6,1.0,80,200,4,11.919520714360061
6,1.0,80,200,6,12.965965468431746
6,1.0,80,200,8,13.79306375086761
6,1.0,104,50,2,9.19091006981229
6,1.0,104,50,4,11.376717574010048
6,1.0,104,50,6,12.607860601874483
6,1.0,104,50,8,13.298411763520066
6,1.0,104,100,2,9.204135910496255
6,1.0,104,100,4,11.382179593495438
6,1.0,104,100,6,12.568476379845816
6,1.0,104,100,8,13.21169660971402
6,1.0,104,200,2,9.185264471126622
6,1.0,104,200,4,11.397295554089384
6,1.0,104,200,6,12.518451500093974
6,1.0,104,200,8,13.268324219048429
6,1.0,128,50,2,8.757250152691563
6,1.0,128,50,4,11.094939863842228
6,1.0,128,50,6,12.276603771100048
6,1.0,128,50,8,12.993220542260277
6,1.0,128,100,2,8.824917532992098
6,1.0,128,100,4,11.07863341376771
6,1.0,128,100,6,12.300614560288889
6,1.0,128,100,8,12.994886859960491
6,1.0,128,200,2,8.829786728284676
6,1.0,128,200,4,11.054652474823047
6,1.0,128,200,6,12.23823122171988
6,1.0,128,200,8,13.01954882987112
6,10.0,32,50,2,17.50823170654976
6,10.0,32,50,4,17.73376259439588
6,10.0,32,50,6,18.69117797584614
6,10.0,32,50,8,19.60991754883158
6,10.0,32,100,2,17.440803132944282
6,10.0,32,100,4,17.62114949472312
6,10.0,32,100,6,18.73552745490961
6,10.0,32,100,8,19.481001181752877
6,10.0,32,200,2,17.583437565258055
6,10.0,32,200,4,17.52106494123016
6,10.0,32,200,6,18.523709543355025
6,10.0,32,200,8,19.181790076962073
6,10.0,56,50,2,13.783784455954855
6,10.0,56,50,4,15.934058083260913
6,10.0,56,50,6,17.328987616075434
6,10.0,56,50,8,18.078490468702114
6,10.0,56,100,2,13.740033230803839
6,10.0,56,100,4,15.945281997344967
6,10.0,56,100,6,17.30580488950269
6,10.0,56,100,8,18.039910998241176
6,10.0,56,200,2,13.747813796592935
6,10.0,56,200,4,15.98111050887653
6,10.0,56,200,6,17.356186485517732
6,10.0,56,200,8,18.150825044569846
6,10.0,80,50,2,12.73722408695891
6,10.0,80,50,4,15.506623975433161
6,10.0,80,50,6,16.854252359607006
6,10.0,80,50,8,17.721224603639467
6,10.0,80,100,2,12.702672596062754
6,10.0,80,100,4,15.368649791811245
6,10.0,80,100,6,16.787326160249453
6,10.0,80,100,8,17.731110743774845
6,10.0,80,200,2,12.768742268280363
6,10.0,80,200,4,15.47415467450888
6,10.0,80,200,6,16.708687465399734
6,10.0,80,200,8,17.66863050282095
6,10.0,104,50,2,12.329739811759355
6,10.0,104,50,4,15.164029922725504
6,10.0,104,50,6,16.569291014528083
6,10.0,104,50,8,17.410713650769793
6,10.0,104,100,2,12.27131153636439
6,10.0,104,100,4,15.266003950524565
6,10.0,104,100,6,16.609572975507557
6,10.0,104,100,8,17.42528858356323
6,10.0,104,200,2,12.349414616970147
6,10.0,104,200,4,15.152178596998901
6,10.0,104,200,6,16.606601372254435
6,10.0,104,200,8,17.382419017667296
6,10.0,128,50,2,12.112272366332451
6,10.0,128,50,4,14.972364017253145
6,10.0,128,50,6,16.546798230390255
6,10.0,128,50,8,17.323884051163702
6,10.0,128,100,2,12.097424168342162
6,10.0,128,100,4,15.00364335635994
6,10.0,128,100,6,16.43190040505452
6,10.0,128,100,8,17.292488182806146
6,10.0,128,200,2,12.16243933479258
6,10.0,128,200,4,15.009888504905275
6,10.0,128,200,6,16.395266156725043
6,10.0,128,200,8,17.241275626692932
7,0.01,32,50,2,75.7263206006595
7,0.01,32,50,4,88.90860968007621
7,0.01,32,50,6,89.67862585738558
7,0.01,32,50,8,89.81116405494257
7,0.01,32,100,2,76.23906219077756
7,0.01,32,100,4,86.5985277028725
7,0.01,32,100,6,88.99486734827553
7,0.01,32,100,8,89.53858776547486
7,0.01,32,200,2,76.00354590425864
7,0.01,32,200,4,88.1091280015574
7,0.01,32,200,6,89.66447498758126
7,0.01,32,200,8,88.09324203620815
7,0.01,56,50,2,67.91967460976738
7,0.01,56,50,4,79.74920723260976
7,0.01,56,50,6,80.91664720948205
7,0.01,56,50,8,80.58069956070818
7,0.01,56,100,2,67.65608648760553
7,0.01,56,100,4,80.19509754179971
7,0.01,56,100,6,80.19983795225748
7,0.01,56,100,8,80.50832636640044
7,0.01,56,200,2,68.50129272466287
7,0.01,56,200,4,80.15580652422855
7,0.01,56,200,6,81.02070131795467
7,0.01,56,200,8,80.04377881476499
7,0.01,80,50,2,58.67672689112785
7,0.01,80,50,4,66.90172238377917
7,0.01,80,50,6,64.95628973597113
7,0.01,80,50,8,63.92561795231014
7,0.01,80,100,2,58.37307755696696
7,0.01,80,100,4,67.39341795502651
7,0.01,80,100,6,66.06473340433894
7,0.01,80,100,8,63.50691666066868
7,0.01,80,200,2,58.670162382159596
7,0.01,80,200,4,68.01509193230795
7,0.01,80,200,6,67.0291388048032
7,0.01,80,200,8,63.86310100769147
7,0.01,104,50,2,48.206092265843004
7,0.01,104,50,4,50.30262369400316
7,0.01,104,50,6,47.089616924484815
7,0.01,104,50,8,42.21265331779292
7,0.01,104,100,2,48.30941375705204
7,0.01,104,100,4,50.32359822761305
7,0.01,104,100,6,46.984862263838814
7,0.01,104,100,8,44.86451921826734
7,0.01,104,200,2,48.105416056038436
7,0.01,104,200,4,50.15023674495417
7,0.01,104,200,6,46.89559577645602
7,0.01,104,200,8,44.38965190719173
7,0.01,128,50,2,35.55685557002114
7,0.01,128,50,4,30.549936532362022
7,0.01,128,50,6,26.189788864001304
7,0.01,128,50,8,22.965404365446236
7,0.01,128,100,2,36.90532257439391
7,0.01,128,100,4,31.693875064651994
7,0.01,128,100,6,27.19446174673851
7,0.01,128,100,8,20.848609735257323
7,0.01,128,200,2,35.81869501187216
7,0.01,128,200,4,32.98958949402267
7,0.01,128,200,6,25.363244250993343
7,0.01,128,200,8,24.103001422681515
7,0.1,32,50,2,35.56698660547232
7,0.1,32,50,4,41.632859825412325
7,0.1,32,50,6,39.65325156465303
7,0.1,32,50,8,38.37542396336066
7,0.1,32,100,2,35.59965920231604
7,0.1,32,100,4,40.49424509675184
7,0.1,32,100,6,39.98174155277348
7,0.1,32,100,8,39.63577369532481
7,0.1,32,200,2,35.0882114513582
7,0.1,32,200,4,39.7902345782448
7,0.1,32,200,6,38.43424688699847
7,0.1,32,200,8,38.6127329484971
7,0.1,56,50,2,20.581636747589265
7,0.1,56,50,4,18.759027774564306
7,0.1,56,50,6,16.259982402834222
7,0.1,56,50,8,18.848588262254033
7,0.1,56,100,2,19.940617715188296
7,0.1,56,100,4,17.235922224328345
7,0.1,56,100,6,16.50116956784984
7,0.1,56,100,8,16.37392602558137
7,0.1,56,200,2,21.022656344357372
7,0.1,56,200,4,20.25255935884391
7,0.1,56,200,6,18.048121976501104
7,0.1,56,200,8,17.267049794506214
7,0.1,80,50,2,12.872755429061247
7,0.1,80,50,4,10.458082907871315
7,0.1,80,50,6,11.164984182508022
7,0.1,80,50,8,11.557403926066351
7,0.1,80,100,2,11.236248852221232
7,0.1,80,100,4,10.493491017256748
7,0.1,80,100,6,11.16727379434223
7,0.1,80,100,8,11.654794719758765
7,0.1,80,200,2,10.447940561426336
7,0.1,80,200,4,10.861319168929503
7,0.1,80,200,6,11.163371914325824
7,0.1,80,200,8,11.52859673303983
7,0.1,104,50,2,7.923449959779939
7,0.1,104,50,4,9.169706799927186
7,0.1,104,50,6,10.053550389153381
7,0.1,104,50,8,10.616277008651105
7,0.1,104,100,2,8.417809688897469
7,0.1,104,100,4,9.198422951911164
7,0.1,104,100,6,10.064912305469774
7,0.1,104,100,8,10.546550197544974
7,0.1,104,200,2,7.919104940141816
7,0.1,104,200,4,9.183842975669707
7,0.1,104,200,6,10.04921513619425
7,0.1,104,200,8,10.519053292846005
7,0.1,128,50,2,6.855323237860972
7,0.1,128,50,4,8.559814700322514
7,0.1,128,50,6,9.48553791489508
7,0.1,128,50,8,9.935310938384506
7,0.1,128,100,2,6.902932038897861
7,0.1,128,100,4,8.52640046281518
7,0.1,128,100,6,9.440266790984296
7,0.1,128,100,8,9.942566162073403
7,0.1,128,200,2,6.829808077929251
7,0.1,128,200,4,8.547139221235811
7,0.1,128,200,6,9.441261198849565
7,0.1,128,200,8,9.90937674001187
7,1.0,32,50,2,17.55687854438858
7,1.0,32,50,4,16.956876924977315
7,1.0,32,50,6,16.99380021082597
7,1.0,32,50,8,17.633112994850347
7,1.0,32,100,2,17.763263313917584
7,1.0,32,100,4,16.90089114395927
7,1.0,32,100,6,17.206768318791372
7,1.0,32,100,8,17.83170800809165
7,1.0,32,200,2,17.89873001878626
7,1.0,32,200,4,16.819181341326683
7,1.0,32,200,6,17.206222158368604
7,1.0,32,200,8,17.37713994083012
7,1.0,56,50,2,11.961167286584784
7,1.0,56,50,4,13.156912961371132
7,1.0,56,50,6,14.12703197345962
7,1.0,56,50,8,14.92899824354964
7,1.0,56,100,2,11.977842059775858
7,1.0,56,100,4,13.224079762046905
7,1.0,56,100,6,14.094615156935614
7,1.0,56,100,8,14.721879824769362
7,1.0,56,200,2,12.114726325142696
7,1.0,56,200,4,13.124916730344113
7,1.0,56,200,6,14.094790807215618
7,1.0,56,200,8,14.870779512620993
7,1.0,80,50,2,10.021243038776992
7,1.0,80,50,4,11.88799851392118
7,1.0,80,50,6,13.023114855453363
7,1.0,80,50,8,13.838709617613025
7,1.0,80,100,2,9.965425229873889
7,1.0,80,100,4,11.954620547014267
7,1.0,80,100,6,13.014704530918081
7,1.0,80,100,8,13.719763507639861
7,1.0,80,200,2,9.985542145568159
7,1.0,80,200,4,11.938168811536965
7,1.0,80,200,6,13.12909670881452
7,1.0,80,200,8,13.723621659127415
7,1.0,104,50,2,9.199917245575607
7,1.0,104,50,4,11.363091240032215
7,1.0,104,50,6,12.58032268019358
7,1.0,104,50,8,13.357258518612891
7,1.0,104,100,2,9.1724279389731
7,1.0,104,100,4,11.388438408685703
7,1.0,104,100,6,12.55706684803134
7,1.0,104,100,8,13.293820596282416
7,1.0,104,200,2,9.195294868756992
7,1.0,104,200,4,11.385158823251613
7,1.0,104,200,6,12.535152750320874
7,1.0,104,200,8,13.23495838811578
7,1.0,128,50,2,8.815143594508083
7,1.0,128,50,4,11.098713025240826
7,1.0,128,50,6,12.267051973372887
7,1.0,128,50,8,13.01071722916853
7,1.0,128,100,2,8.792252025431877
7,1.0,128,100,4,11.043961849026548
7,1.0,128,100,6,12.287926176952098
7,1.0,128,100,8,13.03152428939822
7,1.0,128,200,2,8.79149467215653
7,1.0,128,200,4,11.113166945260144
7,1.0,128,200,6,12.27667244202513
7,1.0,128,200,8,13.004519630603582
7,10.0,32,50,2,17.708856743949745
7,10.0,32,50,4,17.676933879891134
7,10.0,32,50,6,18.645788585531005
7,10.0,32,50,8,19.410573775602195
7,10.0,32,100,2,17.398910755834745
7,10.0,32,100,4,17.69100453734969
7,10.0,32,100,6,18.794429477273862
7,10.0,32,100,8,19.368881440801434
7,10.0,32,200,2,17.925715493110488
7,10.0,32,200,4,17.622320309644333
7,10.0,32,200,6,18.784687152985722
7,10.0,32,200,8,19.20808146788111
7,10.0,56,50,2,13.669025093593081
7,10.0,56,50,4,15.91809372554467
7,10.0,56,50,6,17.344319542133633
7,10.0,56,50,8,17.970333978248565
7,10.0,56,100,2,13.776712860121046
7,10.0,56,100,4,15.98474192268104
7,10.0,56,100,6,17.20274958257207
7,10.0,56,100,8,18.180806924267152
7,10.0,56,200,2,13.905408649495802
7,10.0,56,200,4,16.130109465405585
7,10.0,56,200,6,17.38390072963018
7,10.0,56,200,8,18.02869385264697
7,10.0,80,50,2,12.768574069356704
7,10.0,80,50,4,15.436802774970278
7,10.0,80,50,6,16.76279336671183
7,10.0,80,50,8,17.6506228501861
7,10.0,80,100,2,12.667882777277262
7,10.0,80,100,4,15.512253993417554
7,10.0,80,100,6,16.798849129993553
7,10.0,80,100,8,17.619662403245577
7,10.0,80,200,2,12.78214266394891
7,10.0,80,200,4,15.381187620505365
7,10.0,80,200,6,16.772797855286015
7,10.0,80,200,8,17.746197790251923
7,10.0,104,50,2,12.326535972231088
7,10.0,104,50,4,15.20280495411621
7,10.0,104,50,6,16.56972349020188
7,10.0,104,50,8,17.439295850589964
7,10.0,104,100,2,12.377428221166026
7,10.0,104,100,4,15.185003758374435
7,10.0,104,100,6,16.551077419833558
7,10.0,104,100,8,17.443097053753387
7,10.0,104,200,2,12.315138635757208
7,10.0,104,200,4,15.205972998714897
7,10.0,104,200,6,16.56390777938806
7,10.0,104,200,8,17.4509338260205
7,10.0,128,50,2,12.087066143971828
7,10.0,128,50,4,15.003449107036085
7,10.0,128,50,6,16.456877799397336
7,10.0,128,50,8,17.258109798607748
7,10.0,128,100,2,12.120727887595963
7,10.0,128,100,4,15.029953613209669
7,10.0,128,100,6,16.40616350423628
7,10.0,128,100,8,17.20713234221155
7,10.0,128,200,2,12.122944923145495
7,10.0,128,200,4,14.980318381538353
7,10.0,128,200,6,16.366415787669066
7,10.0,128,200,8,17.316440946241745
8,0.01,32,50,2,76.04675109865728
8,0.01,32,50,4,88.78234349147708
8,0.01,32,50,6,90.12135902277448
8,0.01,32,50,8,89.69463425815042
8,0.01,32,100,2,75.73763050773874
8,0.01,32,100,4,86.42368471591979
8,0.01,32,100,6,90.26199899303825
8,0.01,32,100,8,89.40457948566065
8,0.01,32,200,2,75.92004379761602
8,0.01,32,200,4,88.14656019591087
8,0.01,32,200,6,89.18075670761803
8,0.01,32,200,8,88.34308245379343
8,0.01,56,50,2,67.82631408340802
8,0.01,56,50,4,79.34833471597553
8,0.01,56,50,6,81.95313049258203
8,0.01,56,50,8,80.54557266144495
8,0.01,56,100,2,67.71372904557334
8,0.01,56,100,4,80.06134182451872
8,0.01,56,100,6,80.75300684665935
8,0.01,56,100,8,80.44158597941001
8,0.01,56,200,2,67.5679901743689
8,0.01,56,200,4,79.15638378085319
8,0.01,56,200,6,80.34541198602052
8,0.01,56,200,8,79.99881741126508
8,0.01,80,50,2,59.6434878750777
8,0.01,80,50,4,68.63379503045115
8,0.01,80,50,6,66.33943795463756
8,0.01,80,50,8,64.02740645706656
8,0.01,80,100,2,59.21742157666506
8,0.01,80,100,4,66.46120270500931
8,0.01,80,100,6,67.46943339805219
8,0.01,80,100,8,64.10744639095972
8,0.01,80,200,2,58.681191882333145
8,0.01,80,200,4,66.64216040645844
8,0.01,80,200,6,64.893387821792
8,0.01,80,200,8,62.47838679640271
8,0.01,104,50,2,49.06062742899653
8,0.01,104,50,4,50.14671201719265
8,0.01,104,50,6,44.8814969260931
8,0.01,104,50,8,44.01343855676455
8,0.01,104,100,2,47.47806050427973
8,0.01,104,100,4,50.353897672709905
8,0.01,104,100,6,44.97548083842961
8,0.01,104,100,8,43.35905084162331
8,0.01,104,200,2,48.94865432619633
8,0.01,104,200,4,49.77445658794768
8,0.01,104,200,6,46.44901450172169
8,0.01,104,200,8,42.62021316990558
8,0.01,128,50,2,35.280461075293545
8,0.01,128,50,4,32.00128916289402
8,0.01,128,50,6,27.03089133669659
8,0.01,128,50,8,24.848542448161737
8,0.01,128,100,2,36.46456589677216
8,0.01,128,100,4,32.778626256043715
8,0.01,128,100,6,22.093914025977938
8,0.01,128,100,8,24.11919337149569
8,0.01,128,200,2,36.55745220063027
8,0.01,128,200,4,29.314707333351276
8,0.01,128,200,6,22.003726903643994
8,0.01,128,200,8,22.194107919920636
8,0.1,32,50,2,35.279449660232196
8,0.1,32,50,4,40.5280410802206
8,0.1,32,50,6,38.98789971266889
8,0.1,32,50,8,38.74012202214613
8,0.1,32,100,2,36.91513076124576
8,0.1,32,100,4,40.70861348290359
8,0.1,32,100,6,38.526621890970844
8,0.1,32,100,8,37.370816714309726
8,0.1,32,200,2,35.10954020469379
8,0.1,32,200,4,40.844090058268996
8,0.1,32,200,6,39.073383395971035
8,0.1,32,200,8,39.485900825271216
8,0.1,56,50,2,20.338257594613737
8,0.1,56,50,4,17.152701700567818
8,0.1,56,50,6,17.135368827899914
8,0.1,56,50,8,16.722299359475656
8,0.1,56,100,2,20.84156396660814
8,0.1,56,100,4,18.46390352383272
8,0.1,56,100,6,17.872421398771724
8,0.1,56,100,8,16.95869364187768
8,0.1,56,200,2,20.18012454762885
8,0.1,56,200,4,18.905456929873313
8,0.1,56,200,6,17.923263057045737
8,0.1,56,200,8,17.585694008441774
8,0.1,80,50,2,10.45817008530666
8,0.1,80,50,4,10.631338046705602
8,0.1,80,50,6,11.06578248026929
8,0.1,80,50,8,11.593911552845952
8,0.1,80,100,2,10.524736784409551
8,0.1,80,100,4,10.457483224146275
8,0.1,80,100,6,10.998493438201264
8,0.1,80,100,8,11.515445619839744
8,0.1,80,200,2,10.062150463407024
8,0.1,80,200,4,10.610297768285745
8,0.1,80,200,6,11.116995171111729
8,0.1,80,200,8,11.48728322684863
8,0.1,104,50,2,7.940296071103227
8,0.1,104,50,4,9.25915960498447
8,0.1,104,50,6,10.054532136583765
8,0.1,104,50,8,10.524483972072833
8,0.1,104,100,2,7.917033324200053
8,0.1,104,100,4,9.200219931254212
8,0.1,104,100,6,10.010629916954702
8,0.1,104,100,8,10.597328864333592
8,0.1,104,200,2,7.90874722211369
8,0.1,104,200,4,9.230564008778988
8,0.1,104,200,6,10.00123893692364
8,0.1,104,200,8,10.542266245641596
8,0.1,128,50,2,6.840422078098907
8,0.1,128,50,4,8.542097747593584
8,0.1,128,50,6,9.443230512305888
8,0.1,128,50,8,9.991977334515266
8,0.1,128,100,2,6.871944789002999
8,0.1,128,100,4,8.535813449025948
8,0.1,128,100,6,9.458275972660134
8,0.1,128,100,8,9.971852934743294
8,0.1,128,200,2,6.871683326396906
8,0.1,128,200,4,8.554903767956944
8,0.1,128,200,6,9.42397364686866
8,0.1,128,200,8,9.959695656351085
8,1.0,32,50,2,17.955728871597017
8,1.0,32,50,4,16.797215998537187
8,1.0,32,50,6,17.259430228826513
8,1.0,32,50,8,17.634437469258206
8,1.0,32,100,2,17.82582445204203
8,1.0,32,100,4,17.08917956298623
8,1.0,32,100,6,17.314475267012067
8,1.0,32,100,8,17.755862705044514
8,1.0,32,200,2,17.607057244560558
8,1.0,32,200,4,16.728067072941396
8,1.0,32,200,6,17.195365188150483
8,1.0,32,200,8,17.75609193951066
8,1.0,56,50,2,12.025910379126287
8,1.0,56,50,4,13.300899698903565
8,1.0,56,50,6,14.124104699312056
8,1.0,56,50,8,14.678696871510875
8,1.0,56,100,2,12.008275516396413
8,1.0,56,100,4,13.284240529580677
8,1.0,56,100,6,14.240143696777881
8,1.0,56,100,8,14.91198441029008
8,1.0,56,200,2,12.262160046266079
8,1.0,56,200,4,13.239775401397237
8,1.0,56,200,6,14.06946713260697
8,1.0,56,200,8,14.745613092331903
8,1.0,80,50,2,10.024570796464072
8,1.0,80,50,4,11.917468615315146
8,1.0,80,50,6,13.059391363662652
8,1.0,80,50,8,13.783787500232384
8,1.0,80,100,2,10.017092973604953
8,1.0,80,100,4,11.919575760735697
8,1.0,80,100,6,13.040619845724104
8,1.0,80,100,8,13.761319581565445
8,1.0,80,200,2,10.007087865915455
8,1.0,80,200,4,11.891188659541838
8,1.0,80,200,6,13.094203021604487
8,1.0,80,200,8,13.772779426281392
8,1.0,104,50,2,9.177987292681816
8,1.0,104,50,4,11.379170083085372
8,1.0,104,50,6,12.58450985559883
8,1.0,104,50,8,13.24149351749003
8,1.0,104,100,2,9.194798068660209
8,1.0,104,100,4,11.37627948649443
8,1.0,104,100,6,12.593557503036042
8,1.0,104,100,8,13.21104303878416
8,1.0,104,200,2,9.173980315296053
8,1.0,104,200,4,11.389416624004772
8,1.0,104,200,6,12.561659447936705
8,1.0,104,200,8,13.208283304948056
8,1.0,128,50,2,8.781835353252237
8,1.0,128,50,4,11.11190076141315
8,1.0,128,50,6,12.306394505851118
8,1.0,128,50,8,12.95621997408371
8,1.0,128,100,2,8.767863105192536
8,1.0,128,100,4,11.095264943876044
8,1.0,128,100,6,12.289782484223286
8,1.0,128,100,8,13.031869704333399
8,1.0,128,200,2,8.79819772644617
8,1.0,128,200,4,11.088000201755097
8,1.0,128,200,6,12.308951704073856
8,1.0,128,200,8,12.937252318734211
8,10.0,32,50,2,17.37326601007103
8,10.0,32,50,4,17.63240555820569
8,10.0,32,50,6,18.854271730021352
8,10.0,32,50,8,19.518190946704852
8,10.0,32,100,2,17.515382600003683
8,10.0,32,100,4,17.681219380993724
8,10.0,32,100,6,18.68732516101713
8,10.0,32,100,8,19.379277600031234
8,10.0,32,200,2,17.560906823276824
8,10.0,32,200,4,17.73326837389146
8,10.0,32,200,6,18.576272190317667
8,10.0,32,200,8,19.232866266795124
8,10.0,56,50,2,13.668254682499658
8,10.0,56,50,4,15.930156018007377
8,10.0,56,50,6,17.2677182961099
8,10.0,56,50,8,18.25139717083994
8,10.0,56,100,2,13.815922930080065
8,10.0,56,100,4,15.941918332868097
8,10.0,56,100,6,17.377562409410842
8,10.0,56,100,8,18.046238426442063
8,10.0,56,200,2,13.847623743791184
8,10.0,56,200,4,16.01512837454097
8,10.0,56,200,6,17.276151101478117
8,10.0,56,200,8,18.24234935353787
8,10.0,80,50,2,12.741158954359063
8,10.0,80,50,4,15.44055837382534
8,10.0,80,50,6,16.891426286208688
8,10.0,80,50,8,17.665570794910924
8,10.0,80,100,2,12.754342031701247
8,10.0,80,100,4,15.454361082191015
8,10.0,80,100,6,16.954901958104493
8,10.0,80,100,8,17.716531712235454
8,10.0,80,200,2,12.738582210968593
8,10.0,80,200,4,15.426503330466137
8,10.0,80,200,6,16.886181440062433
8,10.0,80,200,8,17.611615882054966
8,10.0,104,50,2,12.350191468519103
8,10.0,104,50,4,15.176389924046791
8,10.0,104,50,6,16.56697534520478
8,10.0,104,50,8,17.444920536733864
8,10.0,104,100,2,12.372473873127028
8,10.0,104,100,4,15.221745065108285
8,10.0,104,100,6,16.621887604059072
8,10.0,104,100,8,17.421187560883848
8,10.0,104,200,2,12.347457908285211
8,10.0,104,200,4,15.203344925704068
8,10.0,104,200,6,16.592554196592086
8,10.0,104,200,8,17.44509929931579
8,10.0,128,50,2,12.159921126109861
8,10.0,128,50,4,15.041555064342985
8,10.0,128,50,6,16.44021409983573
8,10.0,128,50,8,17.33461475526292
8,10.0,128,100,2,12.092843428351216
8,10.0,128,100,4,15.049603905012049
8,10.0,128,100,6,16.49978625997185
8,10.0,128,100,8,17.27635424283932
8,10.0,128,200,2,12.120308037044348
8,10.0,128,200,4,15.01498237052439
8,10.0,128,200,6,16.533293916798847
8,10.0,128,200,8,17.2196265134283
9,0.01,32,50,2,75.48217007119779
9,0.01,32,50,4,87.34168510930594
9,0.01,32,50,6,89.58105845083885
9,0.01,32,50,8,90.0429137174602
9,0.01,32,100,2,76.42679978317591
9,0.01,32,100,4,87.08906052539436
9,0.01,32,100,6,89.00063835943791
9,0.01,32,100,8,88.57699862558201
9,0.01,32,200,2,76.23425610707577
9,0.01,32,200,4,86.80685656929772
9,0.01,32,200,6,88.90417604625294
9,0.01,32,200,8,87.28133017826188
9,0.01,56,50,2,67.41980081950335
9,0.01,56,50,4,79.66299138177234
9,0.01,56,50,6,81.13136793162849
9,0.01,56,50,8,80.03188206051811
9,0.01,56,100,2,67.83647270654893
9,0.01,56,100,4,80.24503579635625
9,0.01,56,100,6,80.68624697302535
9,0.01,56,100,8,78.62149520364416
9,0.01,56,200,2,67.23342291290615
9,0.01,56,200,4,79.8737785472815
9,0.01,56,200,6,80.5759184252089
9,0.01,56,200,8,80.69223897359961
9,0.01,80,50,2,58.18123956062042
9,0.01,80,50,4,65.88496491489661
9,0.01,80,50,6,66.21996504644164
9,0.01,80,50,8,65.82129389452894
9,0.01,80,100,2,58.665959866918854
9,0.01,80,100,4,65.88299752318788
9,0.01,80,100,6,66.53869111397618
9,0.01,80,100,8,63.326496923127934
9,0.01,80,200,2,58.78703160424812
9,0.01,80,200,4,66.1428445199862
9,0.01,80,200,6,65.02276591181361
9,0.01,80,200,8,63.22404538509029
9,0.01,104,50,2,48.43929251030537
9,0.01,104,50,4,50.63256316027221
9,0.01,104,50,6,47.762330185868606
9,0.01,104,50,8,42.977787579396484
9,0.01,104,100,2,48.32227817691118
9,0.01,104,100,4,50.14427545037534
9,0.01,104,100,6,45.330134255534205
9,0.01,104,100,8,41.336210248152206
9,0.01,104,200,2,48.399547489667604
9,0.01,104,200,4,50.388425907380594
9,0.01,104,200,6,46.34960818161106
9,0.01,104,200,8,41.2692452590067
9,0.01,128,50,2,37.96126785966754
9,0.01,128,50,4,31.67921956536347
9,0.01,128,50,6,25.553775408382815
9,0.01,128,50,8,22.78196976810593
9,0.01,128,100,2,35.55582106477892
9,0.01,128,100,4,31.57111795441526
9,0.01,128,100,6,24.32115791927226
9,0.01,128,100,8,22.71213835122328
9,0.01,128,200,2,35.66541575677361
9,0.01,128,200,4,30.483240119147787
9,0.01,128,200,6,23.094783032016093
9,0.01,128,200,8,24.446526462821094
9,0.1,32,50,2,34.62056651462331
9,0.1,32,50,4,40.687217277798574
9,0.1,32,50,6,38.61142860178388
9,0.1,32,50,8,39.55738163482233
9,0.1,32,100,2,35.75894378612801
9,0.1,32,100,4,39.94816258374268
9,0.1,32,100,6,39.61069516722547
9,0.1,32,100,8,38.57442805520747
9,0.1,32,200,2,34.762290318037415
9,0.1,32,200,4,40.39070249214338
9,0.1,32,200,6,40.759562534683795
9,0.1,32,200,8,38.495490912406325
9,0.1,56,50,2,21.926658973000464
9,0.1,56,50,4,18.200511250284386
9,0.1,56,50,6,18.172680247367115
9,0.1,56,50,8,16.075701086913472
9,0.1,56,100,2,21.97403389778415
9,0.1,56,100,4,19.08410640744296
9,0.1,56,100,6,16.958427985049827
9,0.1,56,100,8,16.62211033080232
9,0.1,56,200,2,19.88946515437751
9,0.1,56,200,4,17.71371458381018
9,0.1,56,200,6,18.58892523734205
9,0.1,56,200,8,17.80798753834963
9,0.1,80,50,2,10.50929575381771
9,0.1,80,50,4,10.422124445044687
9,0.1,80,50,6,11.131930817608747
9,0.1,80,50,8,11.592621205946502
9,0.1,80,100,2,10.805850591829385
9,0.1,80,100,4,10.928392204004703
9,0.1,80,100,6,11.158643449761984
9,0.1,80,100,8,11.579438046275358
9,0.1,80,200,2,11.366638463974436
9,0.1,80,200,4,10.464995755824921
9,0.1,80,200,6,11.101849760973815
9,0.1,80,200,8,11.593788002959531
9,0.1,104,50,2,7.903636394832366
9,0.1,104,50,4,9.225854857825697
9,0.1,104,50,6,10.037556314844846
9,0.1,104,50,8,10.56825307335422
9,0.1,104,100,2,8.080651956071135
9,0.1,104,100,4,9.212298706008749
9,0.1,104,100,6,10.061602629459411
9,0.1,104,100,8,10.60519717941894
9,0.1,104,200,2,7.943371380922818
9,0.1,104,200,4,9.227943724012146
9,0.1,104,200,6,9.974464237672782
9,0.1,104,200,8,10.533612357037356
9,0.1,128,50,2,6.854298444445452
9,0.1,128,50,4,8.517598502684292
9,0.1,128,50,6,9.443602351126975
9,0.1,128,50,8,10.016452987177443
9,0.1,128,100,2,6.830064162124704
9,0.1,128,100,4,8.544762944950573
9,0.1,128,100,6,9.411703664217075
9,0.1,128,100,8,9.978873825289352
9,0.1,128,200,2,6.8708716742111084
9,0.1,128,200,4,8.549611436368943
9,0.1,128,200,6,9.411314757194361
9,0.1,128,200,8,9.917139271819769
9,1.0,32,50,2,18.237013598957066
9,1.0,32,50,4,16.5938919549822
9,1.0,32,50,6,17.04581348110632
9,1.0,32,50,8,17.715414281571984
9,1.0,32,100,2,18.211806686913675
9,1.0,32,100,4,16.702119060089714
9,1.0,32,100,6,17.178877009502607
9,1.0,32,100,8,17.517508331510257
9,1.0,32,200,2,17.692174826158194
9,1.0,32,200,4,16.855126779917434
9,1.0,32,200,6,17.251406183839745
9,1.0,32,200,8,17.703561991241603
9,1.0,56,50,2,11.977687596217724
9,1.0,56,50,4,13.248732596187208
9,1.0,56,50,6,14.186876325300956
9,1.0,56,50,8,14.764460312862036
9,1.0,56,100,2,11.995608320882985
9,1.0,56,100,4,13.148781004128528
9,1.0,56,100,6,14.184382159089886
9,1.0,56,100,8,14.835912044557546
9,1.0,56,200,2,11.98118435439233
9,1.0,56,200,4,13.073073492844612
9,1.0,56,200,6,14.23648983500728
9,1.0,56,200,8,14.778090286456111
9,1.0,80,50,2,10.01548921728113
9,1.0,80,50,4,11.930506390218765
9,1.0,80,50,6,13.11919078331747
9,1.0,80,50,8,13.814879475694983
9,1.0,80,100,2,9.956474183857864
9,1.0,80,100,4,11.991012068310301
9,1.0,80,100,6,13.02679850339472
9,1.0,80,100,8,13.796124862375729
9,1.0,80,200,2,10.044730282357635
9,1.0,80,200,4,11.938415811770277
9,1.0,80,200,6,13.006368397692123
9,1.0,80,200,8,13.688432356899174
9,1.0,104,50,2,9.18460743322177
9,1.0,104,50,4,11.399583849087344
9,1.0,104,50,6,12.566510371712717
9,1.0,104,50,8,13.355296229508715
9,1.0,104,100,2,9.206307811257725
9,1.0,104,100,4,11.428526479768916
9,1.0,104,100,6,12.629748971457479
9,1.0,104,100,8,13.327528659587236
9,1.0,104,200,2,9.163990277382178
9,1.0,104,200,4,11.386852419348356
9,1.0,104,200,6,12.572525199520506
9,1.0,104,200,8,13.219833437841325
9,1.0,128,50,2,8.790114737359648
9,1.0,128,50,4,11.098899312476275
9,1.0,128,50,6,12.326247697239463
9,1.0,128,50,8,13.010194742444408
9,1.0,128,100,2,8.785230284328444
9,1.0,128,100,4,11.10495606861588
9,1.0,128,100,6,12.26933630904115
9,1.0,128,100,8,13.006939136408773
9,1.0,128,200,2,8.772626124269228
9,1.0,128,200,4,11.066487256476371
9,1.0,128,200,6,12.234437671953941
9,1.0,128,200,8,13.004586364433502
9,10.0,32,50,2,17.47383592300253
9,10.0,32,50,4,17.524058997212745
9,10.0,32,50,6,18.479293576234458
9,10.0,32,50,8,19.278311383389415
9,10.0,32,100,2,17.521273625209524
9,10.0,32,100,4,17.784458400575673
9,10.0,32,100,6,18.82731992654438
9,10.0,32,100,8,19.559869656430806
9,10.0,32,200,2,18.026326424606182
9,10.0,32,200,4,17.783240449919642
9,10.0,32,200,6,18.57470918122252
9,10.0,32,200,8,19.539032141026244
9,10.0,56,50,2,13.856957604317463
9,10.0,56,50,4,15.973710276996629
9,10.0,56,50,6,17.33029252058017
9,10.0,56,50,8,18.120132424079085
9,10.0,56,100,2,13.733827269723811
9,10.0,56,100,4,16.017667790833954
9,10.0,56,100,6,17.24481831000031
9,10.0,56,100,8,18.142727936154806
9,10.0,56,200,2,13.80894251791696
9,10.0,56,200,4,15.950559284605013
9,10.0,56,200,6,17.358276112657947
9,10.0,56,200,8,18.15055897169857
9,10.0,80,50,2,12.807822364504558
9,10.0,80,50,4,15.49713452832062
9,10.0,80,50,6,16.920604992775324
9,10.0,80,50,8,17.69967782109898
9,10.0,80,100,2,12.764764054027026
9,10.0,80,100,4,15.495569641927721
9,10.0,80,100,6,16.911827535293046
9,10.0,80,100,8,17.685574052643393
9,10.0,80,200,2,12.688355665996912
9,10.0,80,200,4,15.494390395495634
9,10.0,80,200,6,16.832192498756232
9,10.0,80,200,8,17.605325417689507
9,10.0,104,50,2,12.346559460739584
9,10.0,104,50,4,15.165477720056796
9,10.0,104,50,6,16.603331362567125
9,10.0,104,50,8,17.345320017092835
9,10.0,104,100,2,12.382334837741045
9,10.0,104,100,4,15.189212655411358
9,10.0,104,100,6,16.65275413943492
9,10.0,104,100,8,17.377142794640385
9,10.0,104,200,2,12.324012602277463
9,10.0,104,200,4,15.176443337391238
9,10.0,104,200,6,16.660276116032747
9,10.0,104,200,8,17.35426773218933
9,10.0,128,50,2,12.084701899054592
9,10.0,128,50,4,15.006413042548324
9,10.0,128,50,6,16.468961363273937
9,10.0,128,50,8,17.272487854096813
9,10.0,128,100,2,12.119358126573639
9,10.0,128,100,4,15.003643483485638
9,10.0,128,100,6,16.469371342383717
9,10.0,128,100,8,17.267694879108454
9,10.0,128,200,2,12.080949973590831
9,10.0,128,200,4,15.038561400945563
9,10.0,128,200,6,16.48175126298247
9,10.0,128,200,8,17.259540738994072
